"Sp-Code","Name","Common","Family","Fam-num","In-Herb","Sp-Notes","BFRSCode","Complant","Location","Descript","State element code"
"EUSE-1","Chamaesyce serpyllifolia (Euphorbia s.)",NA,"Euphorbiaceae",220,"Y","Name change, Jepson '93.","CHSE (EUSE)",NA,NA,NA,NA
"LEGUMI","Fabaceae (Leguminosae)","Pea Family","Fabaceae (Leguminosae)",230,"Y",NA,"FABZ (LEGZ)",NA,NA,NA,NA
"FEAR-3","Festuca arundinacea",NA,"Poaceae (Gramineae)(Festuceae)",420,"Y",NA,"FEAR",NA,NA,NA,NA
"FEOC-1","Festuca occidentalis",NA,"Poaceae (Gramineae)(Festuceae)",420,"Y",NA,"FEOC",NA,NA,NA,NA
"FRPL(1) ","Fragaria virginiana (Fragaria platypetala)","Scarlet Strawberry","Rosaceae",500,"Y","Name change, Jepson '93.","FRVI (FRA-,FRPL)","Y",NA,"Perennial herbs with scaly rootstock and runners which root at the nodes.  Leaves and flowers in basal tufts.  Three leaflets per leaf.  Flowers white to pinkish, petals round  to elliptical, 5 petals and sepals. ",NA
"GAAP","Galium aparine","Bedstraw or Cleaver","Rubiaceae",510,"Y",NA,"GAAP","Y",NA,"Annual.  Grows along ground and over other plants. 6-8 leaves in a whorl, mostly linear-oblanceolate, mostly 1.5-7 cm long, bristle-tipped, with coarse divergent or reflexed marginal setae.",NA
"GABO","Galium bolanderi","Bolanders Bedstraw","Rubiaceae",510,"Y",NA,"GABO","Y",NA,"Stems erect or diffusely spreading, tufted, from slender woody underground branches from a central root, 1-4 dm high,  slender, angled, glabrous except sometimes on the angles.  Leaves in 4's, oblong to lance-oblong, acute, glabrous or hispid-ciliate, 0.6-1.5 cm long.",NA
"GASP-1","Galium sparsiflorum","Bedstraw","Rubiaceae",510,"Y",NA,"GASP","Y",NA,"Erect or spreading perennial from a woody root with subterranean rootstocklike branches, 2-5 dm long, leaves in 4's, glabrous to hispidulous, oval or ovate, 8-15 mm long.",NA
"GATR-4","Galium trifindum","Bedstraw","Rubiaceae",510,"Y",NA,"GATR","Y",NA,"Slender stemmed perennial, ascending, branched and intertangled, 1.5-4 dm long.  Leaves elliptic-oblong to linear-spatulate, obtuse, not bristle-pointed, in 4's, 5's and 6's, thin, obscurely scabrous on margins and midribs, 0.5-2cm long. ",NA
"GATR-2","Galium triflorum","Sweet scented Bedstraw","Rubiaceae",510,"Y",NA,"GATR","Y",NA,"Perennial, with weak simple or remotely forking smooth or more or less scabrous herbaceous stems 2-8 dm long.  Leaves mostly in 6's, oblong-ovate to obovate, thin, cuspidate, 1.5-6 cm long, the surfaces mostly glabrous, margins and midribs beneath minutely scabrous.",NA
NA,"Garrya fremontii","Silk tassel bush","Garryaceae",260,"Y","not previously listed on master list","GAFR (GAFE)","Y","451","A shrub, not very common on Blodgett, which might be mistaken for a manzanita.  Opposite leaves.  Has been found in compartment 451. ",NA
"GAOV","Gaultheria ovatifolia","Salal","Ericaceae",210,"Y",NA,"GAOV","Y",NA,"An evergreen, matted, scarcely woody plant rarely more than a foot high.  Relatively common in wet areas. ",NA
"GAL-1","Galium","Bedstraw","Rubiaceae",510,"?","??????????????",NA,NA,NA,NA,"some species are listed"
"GAY","Gayophytum spp.","Willow Herb, Gayophytum","Onagraceae",370,"Y",NA,"GAY-","Y",NA,"A common weed in disturbed areas.  Plants dichotomously branched, 1-6 dm high.  Leaves lance-linear, mostly 1-3 cm long, short-petioled.  Flowers white, often drying to pink or red, 4 petals, 0.5-7 mm long.",NA
"GERANI","Geraniaceae","Geranium Family ","Geraniaceae",270,"Y",NA,"GERZ",NA,NA,NA,NA
"GEMA","Geum macrophyllum",NA,"Rosaceae",500,"Y",NA,"GEMA",NA,NA,NA,NA
"GLEL","Glyceria elata",NA,"Poaceae (Gramineae)(Festuceae)",420,"Y",NA,"GLEL",NA,NA,NA,NA
"GNCH","Gnaphalium stramineum (G. chilense)",NA,"Asteraceae (Compositae)",60,"Y","Name change, Jepson '93.  ","GNST (GNCH)",NA,NA,NA,NA
"GNLU","Gnaphalium luteo-album",NA,"Asteraceae (Compositae)",60,"Y",NA,"GNLU",NA,NA,NA,NA
"GNMI","Gnaphalium canescens (G. microcephalum)",NA,"Asteraceae (Compositae)",60,"?","Name change, Jepson '93.  No specimen with this species name  found in herbarium.  Some unidentifed Gnaphalium specimens do exist ","GNCA (GNMI)",NA,NA,NA,NA
"GNPA","Gnaphalium palustre",NA,"Asteraceae (Compositae)",60,"Y",NA,"GNPA",NA,NA,NA,NA
"GOOB","Goodyera oblongifolia","Rattlesnake Orchid","Orchidaceae",380,"Y",NA,"GOOB","Y",NA,"Small white to greenish flowers in mid-summer.  White mottled stripes on the leaves.  May be confused with white-veined wintergreen (Pyrola picta). ",NA
"GRI-1","Grindelia spp.",NA,"Asteraceae (Compositae)",60,"Y",NA,"GRI-",NA,NA,NA,"some species are listed"
"HALE","Habenaria leucostachys","Bog Orchid","Orchidaceae",380,"Y",NA,"HALE",NA,NA,NA,NA
"HAB","Habenaria spp.","Rein Orchid","Orchidaceae",380,"Y",NA,"HAB-",NA,NA,NA,NA
"HAAC-1","Haplopappus acaulis",NA,"Asteraceae (Compositae)",60,"Y",NA,"HAAC",NA,NA,NA,NA
"HAP-1","Haplopappus spp.",NA,"Asteraceae (Compositae)",60,"Y",NA,"HAP-",NA,NA,NA,NA
"HEBI","Helenium Bigelovi",NA,"Asteraceae (Compositae)",60,"?","Specimen not identified to species level.","HEBI",NA,NA,NA,NA
"HEAC","Heleocharis acicularis",NA,"Cyperaceae",190,"Y",NA,"HEAC",NA,NA,NA,NA
"HERA-2","Heterocodon rariflorum",NA,"Campanulaceae",120,"Y",NA,"HERA",NA,NA,NA,NA
"HIAL","Hieracium albiflorum",NA,"Asteraceae (Compositae)",60,"Y",NA,"HIAL",NA,NA,NA,NA
"HOLA-1","Holcus lanetus",NA,"Poaceae (Gramineae)(Aveneae)",420,"Y",NA,"HOLA",NA,NA,NA,NA
"HOTR-1","Horkelia tridentata",NA,"Rosaceae",500,"Y",NA,"HOTR",NA,NA,NA,NA
"HYDROP","Hydrophyllaceae","Waterleaf Family","Hydrophyllaceae",290,"Y",NA,"HYDZ",NA,NA,NA,NA
"HYPERI","Hypericaceae","St. John's Wort Family","Hypericaceae",300,"Y",NA,"HYPZ",NA,NA,NA,NA
"HYAN","Hypericum anagalloides",NA,"Hypericaceae",300,"Y",NA,"HYAN",NA,NA,NA,NA
"HYPE","Hypericum perforatum","Klamath Weed","Hypericaceae",300,"Y",NA,"HYPE","Y",NA,"A perennial weed, common on disturbed areas.  Opposite leaves, linear to elliptic-oblong, revolute, 1.5-2.5 cm long, subtending short leafy branchlets, opposite, stems oppositely branched.  Showy yellow flowers.  Somewhat  poisonous to livestock.",NA
"HYRA-2","Hypochoeris radicata",NA,"Asteraceae (Compositae)",60,"Y",NA,"HYRA",NA,NA,NA,NA
"IRHA","Iris Hartwegii","Hartwegs Iris","Iridaceae",310,"Y",NA,"IRHA","Y",NA,"Three erect ""petals"", three drooping ""petals"".  Light yellow flowers in spring.  Generally found in dry areas.","PMIRI090D2"
"JUNCAC","Juncaceae","Rush Family","Juncaceae",320,"Y","Many specimens not identified to the species level.","JUNZ",NA,NA,NA,NA
"JUAC","Juncus acuminiatus",NA,"Juncaceae",320,"Y","Specimen not mounted","JUAC",NA,NA,NA,NA
"JUAR","Juncus articulatus",NA,"Juncaceae",320,"Y",NA,"JUAR",NA,NA,NA,NA
"JUBA","Juncus balticus",NA,"Juncaceae",320,"Y",NA,"JUBA",NA,NA,NA,NA
"JUBU","Juncus bufonius (var. halophilus now J. ambiguus)",NA,"Juncaceae",320,"Y","One variety now goes by a different species name.  Uncertain which variety we have here.  Jepson '93","JUBU",NA,NA,NA,NA
"JUEF","Juncus effusus",NA,"Juncaceae",320,"Y","Specimen not mounted","JUEF",NA,NA,NA,NA
"JUEN","Juncus ensifolius",NA,"Juncaceae",320,"Y","Specimen not mounted","JUEN",NA,NA,NA,NA
"ACMA","Acer macrophyllum","Bigleaf Maple","Aceraceae",10,"Y",NA,"ACMA",NA,NA,NA,NA
"ACH-1","Achillea millefolium","Yarrow","Asteraceae (Compositae)",60,"Y","Single species recognized in California by Jepson '93.","ACMI","Y",NA,"Perennial aromatic herb with alternate subentire to pinnately dissected (feathery) leaves. Heads several to many, rather small, in terminal corymbs, radiate (rarely discoid).  Ray flowers white, sometimes pink or yellow. Disk flowers white to yellow.",NA
"ADBI","Adenocaulon bicolor","Trail Plant, Trail marker, path finder","Asteraceae (Compositae)",60,"Y",NA,"ADBI","Y",NA,"A perennial herb with triangular-shaped leaves, 5-12 cm long and wide.  Leaves are green above, greyish-white below.  The common name comes from the factr that the whitish leaves show as trails after someone walks through an area where these plants grow.  Usually found in moist, undisturbed areas.",NA
"AGRE-2","Agoseris retrorsa","Mountain dandelion","Asteraceae (Compositae)",60,"Y",NA,"AGRE","Y",NA,"Annual or perennial herbs common in disturbed areas. Leaves in radical tufts or scattered on lower stem, pinnately lanceolate with the lobes pointing back to base of plant.  Flowers yellow to orange, 2-6 cm long, with heads 5-20 mm wide.",NA
"AGEX-1","Agrostis exarata",NA,"Poaceae (Gramineae)(Agrostideae)",420,"Y",NA,"AGEX",NA,NA,NA,NA
"AGSC-2","Agrostis scabra",NA,"Poaceae (Gramineae)(Agrostideae)",420,"Y",NA,"AGSC",NA,NA,NA,NA
"AGTH","Agrostis thurberiana",NA,"Poaceae (Gramineae)(Agrostideae)",420,"Y",NA,"AGTH",NA,NA,NA,NA
"AICA","Aira caryophyllea","Hairgrass","Poaceae (Gramineae)(Aveneae)",420,"Y",NA,"AICA",NA,NA,NA,NA
NA,"Allium spp.","Wild Onion","Liliaceae (Amaryllidaceae)",340,"N","Listed as one of most common species of Blodgett but no specimen in herbarium","ALL-","Y",NA,"Wild onions.  Perianth-segments distinct or nearly so.","some species are listed"
"ALDI-2","Allophyllum divaricatum",NA,"Polemoniaceae",430,"Y","Specimen not mounted.","ALDI",NA,NA,NA,NA
"ALRH","Alnus rhombifolia","White alder","Betulaceae",80,"Y",NA,"ALRH",NA,NA,NA,NA
"ALTE","Alnus incana (A. tenuifolia)","Mountain alder","Betulaceae",80,"Y","Name change, Jepson '93.","ALIN",NA,NA,NA,NA
"AMPA-2","Amelanchier pallida","Serviceberry","Rosaceae",500,"?",NA,"AMPA",NA,NA,NA,NA
"AME","Amelanchier spp.","Serviceberry","Rosaceae",500,"Y",NA,"AME-",NA,NA,NA,NA
"ANQU","Anemone quinquefolia some var now  A. oregana","Windflower","Ranunculaceae",480,"Y","variation name changes, Jepson '93.","ANQU","Y",NA,"Perennials, leaves mostly basal, stem leaves 2 or 3 together forming an involuchere subtending the flower.  Flowers showy. ",NA
"ANT-4","Antennaria spp.",NA,"Asteraceae (Compositae)",60,"Y",NA,"ANT-",NA,NA,NA,"some species are listed"
"ANOD","Anthoxanthum ordoratum",NA,"Poaceae (Gramineae)(Festuceae)",420,"Y",NA,"ANOR",NA,NA,NA,NA
"APO","Apocynum spp.","Dogbane","Apocynaceae",40,"Y",NA,"APO-","Y",NA,"A small perennial plant with opposite leaves.",NA
"AQU-","Aquilegia spp.","Columbine","Ranunculaceae",480,"Y",NA,"AQU-","Y",NA,"Perennials, stems usually several, erect, branched.  Leaves  mostly basal, 2-3 ternate, the stem leaves gradually reduced.  Flowers showy, 5-merous, each petal spurred. ",NA
"ARA-2","Arabis spp.","Rock Cress","Brassicaceae (Cruciferae)",100,"Y",NA,"ARA-","Y",NA,"Bienial or perennial, stems leafy, often branched above.  Leaves dentate to entire, the basal petioled, the cauline usually sessile.  Infloresence racemose, bractless, elongating. 4 petals and sepals.","some species are listed"
"ARME-3","Arbutus menziesii","Madrone","Ericaceae",210,"Y","Specimen not mounted.","ARME",NA,NA,NA,NA
"ARPA-9","Arctostaphylos patula","Greenleaf Manzanita","Ericaceae",210,"Y",NA,"ARPA","Y",NA,"Most common manzanita on Blodgett.  An evergreen brush species which can quickly dominate harvested areas.  Sprouts if cut or burned.  Manzanitas can be a major competitor of commercial conifers causing slow seedling & sapling growth.  Seeds may remain viable in soil and duff for more than 100 years.  Unlike A. viscida, with which this species hybridizes, the buds are not sticky.",NA
"ARC-5","Arctostaphylos spp.","Manzanita","Ericaceae",210,"Y",NA,"ARC-",NA,NA,NA,NA
"ARVI","Arctostaphylos viscida","Whiteleaf Manzanita","Ericaceae",210,"Y",NA,"ARVI","Y",NA,"Common on Blodgett.  Not generally a sprouting species. Evergreen.  Buds are usually sticky.  May hybridize with A patula.",NA
"ACSLEP","Asclepiadaceae","Milkweed Family ","Asclepiadaceae",50,"Y",NA,"ASCZ",NA,NA,NA,NA
"ASCO-1","Asclepias cordifolia",NA,"Asclepiadaceae",50,"Y",NA,"ASCO",NA,NA,NA,NA
"ASC-1","Asclepias spp.","Milkweed","Asclepiadaceae",50,"Y",NA,"ASC-",NA,NA,"A small perennial plant with opposite leaves, milky sap.","A. solanoana is listed"
"ASOC","Aster occidentalis",NA,"Asteraceae (Compositae)",60,"Y",NA,"ASOC",NA,NA,NA,NA
"ATFI","Athyrium Filix-femina var. cyclosorum Rupr.","Lady Fern","Aspidiaceae (fern)",250,"Y","Name change, Jepson '93  Specimen not mounted.","ATFI","Y",NA,"Fronds 6-15 dm high.  2-3 times pinnate.  Unbranched stems form clumps.  Found in moist areas.",NA
"ATPU-1","Athysanus pusillus",NA,"Brassicaceae (Cruciferae)",100,"Y","Specimen in the genus folder needs to be mounted.","ATPU",NA,NA,NA,NA
"AVFA","Avena fatua",NA,"Poaceae (Gramineae)(Aveneae)",420,"Y",NA,"AVFA",NA,NA,NA,NA
NA,"Berberis spp.","Oregon Grape","Berbidaceae",70,"N","Species may be B. aquilinium.  Specimen not mounted.","BER-",NA,"Section 29 on dry hillsides","Common on dry hillsides in Section 29.","some species are listed"
"BLSP","Blechnum spicant","Deer Fern","Blechnaceae (fern)",250,"Y",NA,"BLSP","Y",NA,"May appear to be two different types of ferns since it has both sterile and fertile fronds.  Found in wet areas.  Fronds are once pinnate.",NA
"BOMU","Botrychium multifidum","Leathery Grape Fern","Ophioglossaceae (fern)",250,"Y","Adder's Tongue Family","BOMU","Y",NA,"Found in moist, open habitats.  Plant fleshy, 1-4.5 dm high  1-3 fronds per plant, each frond 1-4 times pinnate.",NA
"BOEL","Boykinia occidentalis (B. elata)",NA,"Saxafragaceae",530,"Y","Name change, Jepson '93.","BOOC (BOEL)",NA,NA,NA,NA
"BOMA-2","Boykinia major",NA,"Saxafragaceae",530,"Y",NA,"BOMA",NA,NA,NA,NA
"BRGE","Brassica geniculata  now called Hirschfeldia incan",NA,"Brassicaceae (Cruciferae)",100,"Y","Name change, Jepson '93.","HIIN (BRGE)",NA,NA,NA,NA
"BRA-5","Brassica spp.","Mustard","Brassicaceae (Cruciferae)",100,"Y","Species in folder identified as B. geniculata","BRA-","Y",NA,"Erect branched annual to perennial herbs, basal leaves pinnatifid, those of the stem dentate or subentire.  Flowers showy, yellow in elongated racemes.  4 petals and sepals.",NA
"CRUCIF","Brassicaceae (Cruciferae)","Mustard Family","Brassicaceae (Cruciferae)",100,"Y",NA,NA,NA,NA,NA,NA
"BROR-1","Bromus orcutianus",NA,"Poaceae (Gramineae)(Festuceae)",420,"Y",NA,"BROR",NA,NA,NA,NA
"BRTE","Bromus tectorum","Cheatgrass","Poaceae (Gramineae)(Festuceae)",420,"Y",NA,"BRTE",NA,NA,NA,NA
"CAHE-5","Callitriche heterophylla",NA,"Callitrichaceae ",110,"Y",NA,"CAHE",NA,NA,NA,NA
"CAL-5","Calochortus spp.","Mariposa-lily","Liliaceae",340,"Y",NA,"CAL-","Y",NA,"Common on clearcuts.  White or light colored flowers in the spring.","some species are listed"
"CAUM","Calyptridium umbellatum ","Pussy Paws","Portulacaceae",460,"Y",NA,"CAUM","Y",NA,"Annual to perennial, stems several, spreading to suberect,  5-25 cm long.  Leaves largely basal in a dense rosette, spatulate, 2-7 cm long.  Flowers in a small umbell or cyme, sepals pink or white. ",NA
"CAM-1","Camassia spp.",NA,"Liliaceae",340,"Y",NA,"CAM-",NA,NA,NA,NA
"CAPR","Campanula prenanthoides",NA,"Campanulaceae",120,"?","No distinct species shown in the herbarium.  Only identified to the genus level","CAPR",NA,NA,NA,NA
"CAM-3","Campanula spp.",NA,"Campanulaceae",120,"Y",NA,"CAM-",NA,NA,NA,"some species are listed"
"CABU-3","Capsella Bursa-pastoris",NA,"Brassicaceae (Cruciferae)",100,"Y","Specimen needs to be mounted","CABU",NA,NA,NA,NA
"CACHM","Chrysolepsis chrysophylla (Castanopsis c.)","Golden Chinquapin, Giant Chinquapin","Fagaceae",240,"Y","Name change, Jepson '93.  New code of CHSE?  Specimens not mounted.","CHCH (CACH)","Y",NA,"A small tree or large shrub.  Both chinquapin species are vigorous sprouters and can be major competitors of conifers. Evergreen.  Leaves generally have pointed tips and are ""folded"" along their midribs.",NA
"CASE-3","Chrysolepsis sempervirens  (Castanopsis s.)","Bush Chinquapin","Fagaceae",240,"Y","Name change, Jepson '93.  New code of CHSE?  Specimens not mounted.","CHSE (CASE)","Y",NA,"The shrub form of chinquapin.  Common on the southern third of Blodgett.  A vigorous sprouter.  Evergreen.  Leaves have rounded tips and are relatively flat.",NA
"CECO-2","Ceanothus cordulatus","Mountain Whitethorn","Rhamnaceae",490,"Y",NA,"CECO","Y",NA,"Three basal veins on undersurface of leaves, light colored spines formed on the twigs.  Nitrogen fixer.  Deciduous.  Seed remains viable in the duff and soil for more than 100 years.",NA
"CEIN-3","Ceanothus integerrimus","Deerbrush or Sweet Birch","Rhamnaceae",490,"Y",NA,"CEIN","Y",NA,"The most common shrub on the northern 2/3s of Blodgett.  No  spines.  Three basal veins on leaf undersurface.  Excellent forage for either deer or cattle. Nitrogen fixer. Deciduous. Seed remains viable in duff and soil for more than 100 years.",NA
"CEPR","Ceanothus prostratus","Squaw Carpet, Mahala mat","Rhamnaceae",490,"Y",NA,"CEPR","Y",NA,"Never more than a few inches tall.  Nitrogen fixer.  Evergreen.  Not a serious competitor of conifers.",NA
"CESO-1","Centaurea solstitialis",NA,"Asteraceae (Compositae)",60,"Y",NA,"CESO",NA,NA,NA,NA
"CEVI","Cerastium glomeratum (C. viscosum)",NA,"Caryophyllaceae",140,"Y","Jepson '93 says old name misapplied.  Specimen unmounted.","CEGL (CEVI)",NA,NA,NA,NA
"CEVU","Cerastium fontanum (C. vulgatum)",NA,"Caryophyllaceae",140,"Y","Jepson '93 says old name misapplied.","CEFO (CEVU)",NA,NA,NA,NA
"CHFO-2","Chamaebatia foliolosa","Bear Clover, Mountain Misery","Rosaceae",500,"Y",NA,"CHFO","Y",NA,"Vigorous sprouter, but does not grow quickly from seed.  Common on west and south facing slopes.  Often a serious competitor of trees because of its ability to use soil moisture.",NA
"CHGR-1","Cheilanthes gracillima",NA,"Pteridaceae (fern)",250,"Y",NA,NA,NA,NA,NA,NA
"CHBO","Chenopodium botrys",NA,"Chenopodiaceae",150,"Y",NA,"CHBO",NA,NA,NA,NA
"CHMAF","Chenopodium macrospernum",NA,"Chenopodiaceae",150,"Y",NA,"CHMA",NA,NA,NA,NA
"CHPU-1","Chenopodium pumilio",NA,"Chenopodiaceae",150,"Y",NA,"CHPU",NA,NA,NA,NA
"CHME-2","Chimaphila menziesii","Prince's Pine","Ericaceae",210,"?","Jepson '93 moved this from Pyrolaceae.","CHME",NA,NA,NA,NA
"CHUMO","Chimaphila umbellata (formerly var. Occidentalis)","Little Prince's Pine, Pipsissewa","Ericaceae",210,"Y","Not recognized as unique variation. by Jepson '93.  Family moved from Pyrolacaceae","CH","Y",NA,"A small evergreen shrub, 1-4 dm tall, with small white to pink flowers in summer.  ",NA
NA,"Chlorogalum pomeridianum","Soap Plant","Liliaceae",340,"N","listed as common plant found at Blodgett but no specimen in herbarium","CHPO","Y",NA,"Basal leaves surround a dark brown bulb.  White flowers have green mid-veins on their petals. ","PMLIL0G042"
NA,"Chrysothamnus spp.","Rabbitbrush","Asteraceae",60,"N","listed with common plants found at Blodgett but no specimen in herbarium","CHR-","Y",NA,"An aggressive weed, rabbitbrush is currently rare on Blodgett Forest and we would like to keep it that way.  There is generally a reward of a six pack of the beer or soda pop of your choice for finding rabbitbrush plants on Blodgett.   Please show the forest manager the location of any plants you find.","C. gramineus listed"
"CIIN","Cichorium intybus",NA,"Asteraceae (Compositae)",60,"Y",NA,"CIIN",NA,NA,NA,NA
"CIR-1","Cirsium spp.","Thistle","Asteraceae (Compositae)",60,"Y","Specific specimen is of C. vulgare.","CIR-","Y",NA,"There are thistle species other than bull thistle.","some species are listed"
NA,"Cirsium vulgare","Bull Thistle","Asteraceae (Compositae)",60,"Y",NA,"CIVU","Y",NA,"A common European biennial weed found on clearcuts and other exposed areas.   Leaves are covered with spines.  First year  plants form a basal rosette of leaves.  Red-purple flowers bloom in the summer on second year plants.",NA
"CLA-","Clarkia spp.","Clarkia ","Onagraceae",370,"Y",NA,"CLA-","Y",NA,"Many species are found on Blodgett.  Leaves simple, pinnately veined, linear to ovate, entire to denticulate,sessile or short-petioled.  Inflorescence a leafy spike or raceme.  Flowers perfect, 4 petals and 4 sepals, ovary inferior.","some species are listed"
"CLUN-2","Clintonia uniflora","Queens Cup","Liliaceae",340,"Y",NA,"CLUN",NA,NA,NA,NA
"COHE-2","Collomia heterophylla","Collomia","Polemoneaceae",430,"Y",NA,"COHE (COL-)","Y",NA,"Annual or rhizomatous perennial herbs, erect to prostrate.  Stems simple or branched.  Leaves alternate, linear to subovate, entire to pinnately dissected.  Flowers in cymes or capitately congested or solitary and auxillary.  Corolla narrow-funnelform to trumpet shaped, red, purplish, blue, white or salmon-yellow.",NA
"COAR-2","Convolvulus arvensis","Morning glory","Convolvulaceae",160,"Y","Specimen not mounted","COAR (CON-)","Y",NA,"Twining or trailing herbs, usually perennial.  Leaves alternate, usually petioled, commonly cordate or sagittate.  Flowers showy, white to purplish or rose or yellowish.",NA
"COCA-2","Conyza canadensis",NA,"Asteraceae (Compositae)",60,"Y",NA,"COCA",NA,NA,NA,NA
"CON-7","Conyza spp.","Horseweed","Asteraceae (Compositae)",60,"Y",NA,"CON-","Y",NA,"Annual weed up to 2 m high.  Found in disturbed areas.  Leaves up to 10 cm long and 10 mm wide, oblanceolate, entire to slightly serrated.  Flower heads 3-4 mm high, about 2-4  wide, ray flowers white, inconspicuous, disk flowers cream-colored.",NA
"COMA-4","Corallorhiza maculata",NA,"Orchidaceae",380,"Y",NA,"COMA",NA,NA,NA,NA
"CONU-2","Cornus nuttallii","Dogwood","Cornaceae",170,"Y",NA,"CONU",NA,NA,NA,NA
"COSE-3","Cornus sessilis",NA,"Cornaceae",170,"Y",NA,"COSE",NA,NA,NA,NA
NA,"Corylus cornuta  Marsh var. californica","Hazelnut, filbert","Betulaceae",80,"Y","Not on the list, yet in the herbarium.  Added to list 7/95.","COCO",NA,NA,NA,NA
"CRY-2","Cryptantha spp.",NA,"Boraginaceae",90,"Y",NA,"CRY-",NA,NA,NA,"some species are listed"
"CUS","Cuscuta spp.","Dodder","Cuscutaceae",180,"Y","Specimens shown parasitizing Ceanothus, Cornus & Arctostaphylos","CUS-","Y",NA,"Orange-colored parasitic plants, often growing on Ceanothus cordulatus or Ribes roezlii.",NA
"CUSCUT","Cuscutaceae","Dodder Family","Cuscutaceae",180,"Y",NA,"CUSZ",NA,NA,NA,NA
"CYOC","Cynoglossum occidentale",NA,"Boraginaceae",90,"Y",NA,"CYOC",NA,NA,NA,NA
"CYEC","Cynosurus echinatus",NA,"Poaceae (Gramineae)(Festuceae)",420,"Y",NA,"CYEC",NA,NA,NA,NA
"CYSC-2","Cytisus scoparius","Scotch Broom","Fabaceae (Leguminosae)",230,"Y",NA,"CYSC","Y","A large community is located three chains north of plot 165 in Section 29.","An aggressive European weed, broom is currently rare on Blodgett and we would like to keep it that way. There is generally a reward of a six pack of the beer or soda pop of your choice for finding broom plants on Blodgett.  Please  show the forest manager the location of any plants you find.",NA
"DAGL-1","Dactylis glomerata",NA,"Poaceae (Gramineae)(Festuceae)",420,"Y",NA,"DAGL",NA,NA,NA,NA
"DACA-1","Danthonia californica",NA,"Poaceae (Gramineae)(Aveneae)",420,"Y",NA,"DACA",NA,NA,NA,NA
"DEL-2","Delphinium spp. ","Larkspur","Ranunculaceae",480,"Y",NA,"DEL-","Y",NA,"Erect branching perennials.  Leaves palmately lobed or divided.  Flowers in showy spikes or racemes, 4 petals, one sepal spurred.  Several species are poisonous. ","some species are listed"
"DEN-1","Dentaria spp.  (genus merged with Cardamine)",NA,"Brassicaceae (Cruciferae)",100,"Y","Genus name change, Jepson '93.","DEN-",NA,NA,NA,NA
"DEEL","Deschampsia elongata",NA,"Poaceae (Gramineae)(Aveneae)",420,"Y",NA,"DEEL",NA,NA,NA,NA
"DEHO","Deschampsia holciformis",NA,"Poaceae (Gramineae)(Aveneae)",420,"Y",NA,"DEHO",NA,NA,NA,NA
NA,"Dicentra formosa","Bleeding Heart","Papaveraceae (from Fumariaceae)",390,"Y",NA,"DIFO","Y",NA,"Common in clearcuts.  White to rose-purple flowers in the spring and early summer.  Foliage is poisonous if eaten.","PDFUM04052"
"DIPU","Digitalis purpurea","foxglove","Scrophulariaceae",540,"Y",NA,"DIPU",NA,NA,NA,NA
"DIHO-2","Disporum hookeri","Fairy Bells","Liliaceae",340,"Y","No longer a distinct variation, Jepson '93.","DIHO","Y",NA,"Creamy white flowers later forming red berries.  Leaves look similar to star flower or dogwood leaves but have parallel rather than net veination and are alternately arranged on the stem.   ",NA
"DOD","Dodecatheon spp.",NA,"Primulaceae",470,"Y",NA,"DOD-",NA,NA,NA,NA
"DRSY","Draperia systyla","Draperia","Hydrophyllaceae ",290,"Y",NA,"DRSY","Y",NA,"Low diffuse perennial herb with slender stems from slender horizontal woody branches of the root-crown.  Leaves opposite, entire.  Flowers in naked terminal subsessile branched cymes.",NA
"EBAU","Cephalanthera austiniae (Ebuorophyton austinae)","Phantom Orchid","Orchidaceae",380,"Y","Genus name change, Jepson '93.  New code CEAU?","CEAU (EBAU)","Y",NA,"A white to cream-colored plant with scale-like leaves.",NA
"ELY-1","Elymus spp.  Many species now in genera Taeniather","Rye","Poaceae (Gramineae)(Festuceae)",420,"Y","Jepson '93.","ELY-",NA,NA,NA,"some species are listed"
"EQAR","Equisetum arvense","Common Horsetail","Equisetaceae (with ferns)",200,"Y",NA,"EQAR","Y",NA,"Found in moist habitats.  Ridged, hollow, round stems, leaves bristle-like in whorls around the stem. ",NA
"ERIN-2","Erigeron inornatus",NA,"Asteraceae (Compositae)",60,"Y","Species split into E. reductus A Gray var. angustatus and E. inornatus, Jepson '93.","ERIN",NA,NA,NA,"PDAST3M1Z2"
"ERNU-3","Eriogonum nudum","Wild buckwheat","Polygonaceae",450,"Y",NA,"ERNU (ERI-)","Y",NA,"Annual or perennial herbs or shrubs with basal or cauline alternate to whorled entire leaves  without stipules.  Flowers very small, borne in clusters.  Fruit an achene, usually 3 sided. ",NA
"ERLA-6","Eriophyllum lanatum",NA,"Asteraceae (Compositae)",60,"Y",NA,"ERLA",NA,NA,NA,"PDAST3N058"
"ERCI-2","Erodium cicutarium","Filaree or Storksbill","Geraniaceae",270,"Y",NA,"ERCI","Y",NA,"An annual herb, leaves usually first forming a close rosette  on the ground, 3-10 cm long, pinnate, opposite.  The fruit resembles a needle or birds bill, about 2-6 cm long and quite thin.",NA
"JUOX","Juncus oxymeris",NA,"Juncaceae",320,"Y",NA,"JUOX",NA,NA,NA,NA
"JUN-1","Juncus spp.","Rush","Juncaceae",320,"Y",NA,"JUN-","Y",NA,"There are many species and several genera of rushes on Blodgett Forest.  Unless the genus or species is known use the family code.","some species are listed"
"JUTE-1","Juncus tenuis",NA,"Juncaceae",320,"Y","Some varieties of this species are now recognized as unique species, Jepson '93.","JUTE",NA,NA,NA,NA
"KEGA","Kelloggia galiodes","Kelloggia","Rubiaceae",510,"Y",NA,"KEGA","Y",NA,"A small herb with pairs of lanceolate opposite leaves, 1-3 cm long, 3-8 mm wide.",NA
"LASE-1","Lactuca serriola",NA,"Asteraceae (Compositae)",60,"Y",NA,"LASE",NA,NA,NA,NA
"LABIAT","Lamiaceae (Labiatae)","Mint Family","Lamiaceae (Labiatae)",330,"Y",NA,"LAMZ (LABZ)",NA,NA,NA,NA
"LEDA","Leucothoe davisiae","Sierra-laurel","Ericaceae",210,"Y",NA,"LEDA","Y",NA,"An evergreen shrub 1.5-5 feet tall with shiny green alternate leaves and green stems.  Oblong leaves 1-3"" long, small whitish flowers in racemes.  Foliage is toxic.  Found in wet areas, especially in the Gaddis Creek drainage.",NA
"LILIAC","Liliaceae","Lily Family","Liliaceae",340,"Y",NA,"LILZ",NA,NA,NA,NA
NA,"Lilium parvum","Alpine lily","Liliaceae",340,"Y","Specimen in herbarium with question mark next to species name.","LIPA","Y",NA,"Yellow-orange to red petals spotted with maroon.  Flowers erect or ascending.  Generally found in wet areas.  Flowers in early summer.  Usually multiple flowers per stalk.",NA
"LIL-(2) ","Lilium spp.","Lily","Liliaceae",340,"Y",NA,"LIL-",NA,NA,NA,"some species are listed"
NA,"Lilium washingtonium","Washington lily","Liliaceae",340,"Y","Listed as one of most common plants of Blodgett but no specimen in herbarium.","LIWA","Y",NA,"Large showy white flowers.  Usually found in dry areas.  Flowers in early summer.  Usually a single flower per stalk. ","PMILL1A0R2"
"LICI","Linanthus ciliatus","Whisker Linanthus","Polemoniaceae",430,"Y",NA,"LICI",NA,NA,NA,NA
"LIBOL","Linnaea borealis spp. longiflora","Twinflower","Caprifoliaceae",130,"Y",NA,"LIBO","Y",NA,"A small trailing plant with opposite leaves and pairs of flowers growing from stalks rising from the main stem. ",NA
"LIDE(-2)","Lithocarpus densiflorus ","Tan-oak ","Fagaceae",240,"Y","Specimens not mounted.","LIDE","Y",NA,"Can either grow as a tree or large shrub.  Leaves are usually serrated.  Sprouts when cut.  Can be a major  competitor of conifers.  Evergreen.",NA
"LIAF","Lithophragma affine","Woodland Star","Saxafragaceae",530,"Y",NA,"LIAF",NA,NA,NA,NA
"LOIN-4","Lonicera involucrata","Twinberry","Caprifoliaceae",130,"Y",NA,"LOIN","Y",NA,"A medium to large shrub with opposite leaves.  Found in moist areas.",NA
"LONE-2","Lotus incanus (L. neo-incanus)",NA,"Fabaceae (Leguminosae)",230,"Y","Name change, Jepson '93.","LOIN (LONE)",NA,NA,NA,NA
NA,"Lotus oblongifolius",NA,"Fabaceae",230,"Y","Has a question mark next to it.  Perhaps it needs to be confirmed.  It was not previously in the list.","LOOB",NA,NA,NA,"PDFAB2A0W1"
"LOPU-2","Lotus purshianus",NA,"Fabaceae (Leguminosae)",230,"Y",NA,"LOPU",NA,NA,NA,NA
"LOT-1","Lotus spp.","Lotus","Fabaceae (Leguminosae)",230,"Y","There are many unmounted specimens of Lotus.","LOT-","Y",NA,"Annual or perennial herbs, leaves alternate, pinnately 1- to several folioate.  Flowers axillary, solitary to  umbellate, sessile or on short to long, mostly leafy-bracteate peduncles, corolla white or yellow, often with some red or purple.","some species are listed"
"LUP-1","Lupinus spp.","Lupine","Fabaceae (Leguminosae)",230,"Y","Many extra specimens of this already mounted.  None identified to the species level.","LUP-","Y",NA,"Annual or perennial herbs or shrubs, palmately compound alternate leaves, showy flowers in terminal racemes. ","some species are listed"
"LUCO-1","Luzula comosa","Wood Rush","Juncaceae",320,"Y",NA,"LUCO",NA,NA,NA,NA
"LUPA","Luzula parviflora",NA,"Juncaceae",320,"Y","Specimen not mounted","LUPA",NA,NA,NA,NA
"MAEL","Madia elegans","Tarweed ","Asteraceae (Compositae)",60,"?","Specimens not identified with this species name.  Several specimens offer two options:  exigua, minima","MAEL",NA,NA,NA,NA
"MAVU","Marrubium vulgare",NA,"Lamiaceae (Labiatae)",330,"Y",NA,"MAVU",NA,NA,NA,NA
"MELU","Medicago lupulina",NA,"Fabaceae (Leguminosae)",230,"Y",NA,"MELU",NA,NA,NA,NA
"MED-","Medicago spp.","Medick","Fabaceae (Leguminosae)",230,"Y",NA,"MED-","Y",NA,"Annual or perennial herbs, leaves pinnately 3-foliate, the leaflets mostly dentate.  Flowers in small heads, racemes or umbels.",NA
"MEAR-1","Melica aristata",NA,"Poaceae (Gramineae)(Festuceae)",420,"Y",NA,"MEAR",NA,NA,NA,NA
"MEAL","Melilotus albus","Sweet-Clover","Fabaceae (Leguminosae)",230,"Y",NA,"MEAL","Y",NA,"A common roadside weed, 1-2 m tall with small pinnately trifoliate leaves and tiny white flowers. ",NA
"MICA-3","Mimulus cardinalis",NA,"Scrophulariaceae",540,"Y",NA,"MICA",NA,NA,NA,NA
"MIGU","Mimulus guttutus",NA,"Scrophulariaceae",540,"Y",NA,"MIGU",NA,NA,NA,NA
"MIMO-3","Mimulus moschatus","Monkey Flower","Scrophulariaceae",540,"Y",NA,"MIMO",NA,NA,NA,NA
"MIPR","Mimulus primuloides","Monkey Flower","Scrophulariaceae",540,"Y",NA,"MIPR",NA,NA,NA,NA
"MIM-1","Mimulus spp.","Monkey Flower","Scrophulariaceae",540,"Y",NA,"MIM-","Y",NA,"Annual or perennial herbs or low shrubs, often sticky.  Leaves opposite, entire to dentate or even laciniate, flowers axillary to foliage leaves or bracts, often in open racemes.  Bracteoles none.  Sepals 5, united into a tubular or campanulate calyx.  Corolla 2-lipped to subregular, purple, or red or almost violet to yellow or buff, witha  pair of bearded or naked ridges running down the lower side of the throat and forming a palate which may almost close the throat.","some species are listed"
"MOPE-2","Claytonia perfoliata (Montia perfoliata)","Miners-lettuce","Portulacaceae",460,"Y",NA,"CLPE (MOPE)","Y",NA,"Flowers grow from the center of a 1-8 cm wide disc-shaped leaf. Leaves opposite.  Stems 1-3 dm tall.",NA
"MUFI","Muhlenbergia filiformis",NA,"Poaceae (Gramineae)(Paniceae)",420,"Y",NA,"MUFI",NA,NA,NA,NA
"MYHA","Myrica hartwegii","Sierra Sweet-bay","Myricaceae",360,"Y",NA,"MYHA","Y",NA,"Considered but not included in the California Native Plant Society rare plants list.  Found near Mutton Creek, other stream banks.",NA
"MYRICA","Myricaceae","Wax-myrtle Family","Myricaceae",360,"Y",NA,"MYRZ",NA,NA,NA,NA
"NADI","Navarretia divaricata",NA,"Polemoniaceae",430,"Y",NA,"NADI",NA,NA,NA,NA
"NAV","Navarretia spp.","Navarretia","Polemoniaceae",430,"Y",NA,"NAV-","Y",NA,"Small annuals, mostly with rigid stems, erect and simple to  divaricately branched from base or along the stems.  Flowers sessile or nearly so in spiny densely bracted heads.",NA
"ONAGRA","Onagraceae","Evening-Primrose Family ","Onagraceae",370,"Y",NA,"ONAZ",NA,NA,NA,NA
"PYSE","Orthilia secunda (Pyrola secunda in Pyrolaceae)","Side-bells Pyrola","Ericaceae",210,"Y","Jepson '93 moved Pyrola to Ericaceae from Pyrolacaceae and changed name from Pyrola secunda to Orthilia s.","ORSE (PYSE)",NA,NA,NA,NA
"OSM","Osmorhiza spp.",NA,"Apiaceae (Umbelliferae)",30,"Y",NA,"OSM-",NA,NA,NA,NA
"PAN-1","Panicum spp.",NA,"Poaceae (Gramineae)(Paniceae)",420,"Y",NA,"PAN-",NA,NA,NA,NA
"PESE-3","Pedicularis semibarbata","Pedicularis","Scrophulariaceae",540,"Y",NA,"PESE",NA,NA,NA,NA
"PEN-2","Penstemon spp.","Penstemon","Scrophulariaceae",540,"Y",NA,"PEN-","Y",NA,"Perennial herbs or shrubs, leaves opposite, rarely whorled or the upper alternate, the lower usually petioled, the upper sessile.  Flowers usually showy, in racemose, cymose or thyrsoid panicles.  Calyx 5-parted. Corolla tubular, the throat often inflated, the limb weakly or strongly 2-lipped, the upper lip 2-lobed, the lower 3-cleft.","some species are listed"
NA,"Phacelia spp.","Phacelia","Hydrophyllaceae",290,"Y","not previously noted in the master list","PHA-","Y",NA,"Annual or perennial herbs, usually more or less pubescent and often glandular.  Leaves mostly alternate, ranging from  entire or dentate to pinnate or bipinnate.  Flowers few to many, in dense to lax simple or branched cymes.  Small purple or blue to white or yellow flowers.","some species are listed"
"PHPR-1","Phleum pratense",NA,"Poaceae (Gramineae)(Agrostideae)",420,"Y",NA,"PHPR",NA,NA,NA,NA
"PITR","Pentagramma triangularis/pallida (Pityrogramma t.)",NA,"Pteridaceae (fern)",250,"Y","Name changes, Jepson '93.","PEN- (PITR)",NA,NA,NA,NA
"PLLA","Plantago lanceolata","Plantain","Plantaginaceae",410,"Y",NA,"PLLA",NA,NA,NA,NA
"PLMA-1","Plantago major","Plantain","Plantaginaceae",410,"Y",NA,"PLMA",NA,NA,NA,NA
"POPR-1","Poa pratensis",NA,"Poaceae (Gramineae)(Festuceae)",420,"Y",NA,"POPR",NA,NA,NA,NA
"POSC-3","Poa secunda (Poa scabrella)",NA,"Poaceae (Gramineae)(Festuceae)",420,"Y","Name change, Jepson '93.","POSE (POSC)",NA,NA,NA,NA
"POTR-1","Poa trivialis",NA,"Poaceae (Gramineae)(Festuceae)",420,"Y",NA,"POTR",NA,NA,NA,NA
"GRAMIN","Poaceae (Gramineae)","Grass","Poaceae (Gramineae)(Aveneae)",420,"Y","Jepson '93.  Family name change to Poaceae.  New code?","POAZ","Y","There are many species and several genera of grasses on Blodgett Forest.  Unless the genus or species is known use the family code.",NA,NA
"POCO-6","Polygala cornuta","Milkwort","Polygalaceae",440,"Y",NA,"POCO","Y",NA,"A small plant with alternate ovate to almost linear leaves 2-4cm long.  Plants usually have many slender stems which are 1-3 feet tall.","PDPGL020B2"
"POL15","Polygala spp.",NA,"Polygalaceae",440,"Y",NA,"POL-",NA,NA,NA,"some species are listed"
"POLYGA","Polygalaceae","Milkwort Family ","Polygalaceae",440,"Y",NA,"POLY",NA,NA,NA,NA
"POLYGO","Polygonaceae","Buckwheat Family","Polygonaceae",450,"Y",NA,"POLX",NA,NA,NA,NA
"POAV","Polygonum arenastrum (Polygonum aviculara)",NA,"Polygonaceae",450,"Y","Name change, Jepson '93.  Specimen not mounted.","POAR (POAV)",NA,NA,NA,NA
NA,"Polystichum munitum","Sword Fern","Dryopteridaceae (fern)",250,"N","No specimen in herbarium yet listed as one of common plants of Blodgett","POMU",NA,NA,NA,NA
"POSC-2","Polystichum scopulinum",NA,"Dryopteridaceae (fern)",250,"Y","Specimen not identified to species level.","POSC",NA,NA,NA,NA
"POFR","Populus fremontii","Fremont's Cottonwood","Salicaceae",520,"Y",NA,"POFR","Y",NA,"Not seen on Blodgett since the 1970's.",NA
"POGL-2","Potentilla glandulosa","Cinquefoil","Rosaceae",500,"Y",NA,"POGL",NA,NA,NA,"PDROS1B0S3"
"POGR-4","Potentilla gracilis","Cinquefoil","Rosaceae",500,"Y",NA,"POGR",NA,NA,NA,NA
"PORE","Potentilla recta","Cinquefoil","Rosaceae",500,"Y",NA,"PORE",NA,NA,NA,NA
"POT-2","Potentilla spp. ","Cinquefoil","Rosaceae",500,"Y",NA,"POT-","Y",NA,"Perennial, sometimes annual, herbs.  Leaves pinnately or digitately compound.  Flowers perfect, solitary or cymose, 5 petals and sepals, stamens few to many.","some species are listed"
"PRIMUL","Primulaceae","Primrose Family ","Primulaceae",470,"Y",NA,"PRIZ",NA,NA,NA,NA
"PRVUL","Prunella vulgaris spp. Lanceolata","Selfheal","Lamiaceae (Labiatae)",330,"Y",NA,"PRVU","Y",NA,"Dense clusters of small purplish flowers.  Generally found in wet areas.",NA
"PREM","Prunus emarginata","Bitter Cherry","Rosaceae",500,"Y",NA,"PREM","Y",NA,"Glands on leaf margin near petiole.  Can be a major competitor of conifers. ",NA
NA,"Prunus virginiana var. demissa","Western Choke Cherry","Rosaceae",500,"N","Listed as one of the most common species of Blodgett but not in Herbarium","PRVI","Y",NA,"Glands on the leaf petiole.  Can be a major competitor of conifers.   ",NA
"PSI-2","Psilocarphus spp.",NA,"Asteraceae (Compositae)",60,"Y",NA,"PSI-",NA,NA,NA,"some species are listed"
"PTAQP","Pteridium aquilinum var. pubescens","Bracken Fern","Pteridacea (fern)",250,"Y",NA,"PTAQ","Y",NA,"A major competitor of conifers in some areas.  Sprouts from rhizomes in the soil.  Best growth in open areas.  Fronds generally 2-3 times pinnate then pinnatifid. ",NA
"PTAN","Pterospora andromedia","Pine Drops","Ericaceae",210,"Y","Jepson '93.  Family moved from Pyrolacaceae","PTAN","Y",NA,"A purple brown to reddish  a-chlorophytic root-parasite.",NA
"PUCA-2","Torreyochloa pallida (Puccinellia pauciflora)","Alkali Grass","Poaceae (Gramineae)(Festuceae)",420,"Y","Name change, Jepson '93.","TOPA (PUPA)",NA,NA,NA,NA
"PYPI","Pyrola picta","White-veined Wintergreen","Ericaceae",210,"Y","Jepson '93 moved Pyrola to Ericaceae from Pyrolacaceae.  New code?","PYPI","Y",NA,"Prominent white veins on leaves.  White to pink flowers in summer.  May be confused with rattlesnake orchid (Goodyera oblongifolia). ",NA
"QUCH-2","Quercus chrysolepsis","Canyon Live Oak ","Fagaceae",240,"Y",NA,"QUCH",NA,NA,NA,NA
NA,"Quercus kelloggii Newb.","Black Oak","Fagaceae",240,"Y","Specimen in herbarium not previously listed on master list.","QUKE",NA,NA,NA,NA
"RANUNC","Ranunculaceae","Buttercup (Crowfoot) Family ","Ranunculaceae",480,"Y",NA,"RANZ",NA,NA,NA,NA
"RAN-1","Ranunculus spp. ","Buttercup","Ranunculaceae",480,"Y",NA,"RAN-","Y",NA,"Usually perennial herbs.  Leaves alternate, entire to compound, mostly basal.  Showy flowers, usually 5 shiny yellow petals.  Some species are poisonous.","some species are listed"
"RHAMNA","Rhamnaceae","Buckthorn Family","Rhamnaceae",490,"Y",NA,"RHAZ",NA,NA,NA,NA
"RHA-1","Rhamnus spp.","Cascara","Rhamnaceae",490,"Y",NA,"RHA- (RHRU)","Y",NA,"Low shrubs, 1-1.5 m high, spreading or rounded, mostly with reddish subglabrous twigs.  Leaves alternate, arcuate pinnately veined, 2-6 cm long.  Fruit a black, obovoid to  globose berry, mostly less than 1 cm in diameter.",NA
"RHOC","Rhododendron occidentale","Western Azalea","Ericaceae",210,"Y",NA,"RHOC","Y",NA,"Only found in moist areas.  Has clusters of large, fragrant, white flowers in the early summer.  Deciduous.",NA
"RHO-1","Rhododendron spp.","Azalea","Ericaceae",210,"Y",NA,"RHO-",NA,NA,NA,NA
"RHGLC","Rhynchospora capitella (R. glomerata v. capitella)",NA,"Cyperaceae",190,"Y","Name change, Jepson '93.","RHCA (RHGL)",NA,NA,NA,NA
"RIRO","Ribes roezlii","Sierra Gooseberry","Grossulariaceae",280,"Y","formerly in the Saxafragaceae family.  Changed with Jepson '93.","RIRO","Y",NA,"The alternate host of white pine blister rust.  Spines on stem and fruit.  Palmately lobed leaves.  Not generally eaten by cattle.",NA
"RIB","Ribes spp.","Current or Gooseberry","Grossulariaceae",280,"Y","formerly in the Saxafragaceae family.  Changed with Jepson '93.","RIB-",NA,NA,NA,"some species are listed"
"ROPS","Robinia pseudo-acacia",NA,"Fabaceae (Leguminosae)",230,"Y",NA,"ROPS",NA,NA,NA,NA
"ROCU","Rorippa curvisiliqua","Yellow-Cress","Brassicaceae (Cruciferae)",100,"?","Specimen not identified to species level.","ROCU",NA,NA,NA,NA
"ROR-1","Rorippa spp.","Yellow-Cress","Brassicaceae (Cruciferae)",100,"Y",NA,"RPR-",NA,NA,NA,"some species are listed"
NA,"Rosa gymnocarpa","Wood Rose","Rosaceae",500,"?","Listed as one of most common plants of Blodgett but no specimen identified as being this species.","ROGY","Y",NA,"5 to 7 leaflets per leaf.  Leaves more or less glabrous on both surfaces, 1-4 cm long.  Purple flowers in spring and summer.  May be found in open areas or under forest canopy. Generally taller than R. pinetorum. ",NA
NA,"Rosa pinetorum","Pine Rose","Rosaceae",500,"?","Listed as one of most common plants of Blodgett but no specimen identified as being this species.","ROPI","Y",NA,"Usually 5 leaflets per leaf.  Leaves puberulent and glandular on lower surfaces, 1-3 cm long.  Purple flowers in spring and summer.  May be found in open areas or under forest canopy.  0.5-1 m tall. ",NA
"ROS","Rosa spp.","Rose","Rosaceae",500,"Y",NA,"ROS-",NA,NA,NA,NA
"ROSACE","Rosaceae","Rose Family","Rosaceae",500,"Y",NA,"ROSZ",NA,NA,NA,NA
"RUBIAC","Rubiaceae","Madder Family","Rubiaceae",510,"Y",NA,"RUBZ",NA,NA,NA,NA
"RUGL","Rubus glaucifolius","Glaucous-leaved Raspberry","Rosaceae",500,"Y",NA,"RUGL","Y",NA,"Often found in relatively open, moist areas.  Not a major competitor of conifers.  Leaves whitish on undersurface.  Fine prickles on stem.  California native. ",NA
"RULA","Rubus laciniatus","Cut-leaf Blackberry","Rosaceae",500,"Y",NA,"RULA","Y",NA,"Often found in relatively open, moist areas.  Not a major competitor of conifers.  Native of Europe.  Leaves deeply cleft.  Stout prickles.   ",NA
"RUPA-2","Rubus parviflorus","Thimbleberry","Rosaceae",500,"Y",NA,"RUPA","Y",NA,"Found in moist areas.  Not a major competitor of conifers. California native.  Large soft palmately lobed simple leaves.  No prickles on stem.",NA
"RUPR","Rubus discolor (R. procerus)","Himalaya Blackberry","Rosaceae",500,"Y","Name change, Jepson '93.","RUDI (RUPR)","Y",NA,"Often found in relatively open, moist areas.  Not a major competitor of conifers.  Native of Europe.  Leaflets fairly  large and regular in shape.  Stout prickles on stem.",NA
"RUB-2","Rubus spp.",NA,"Rosaceae",500,"Y",NA,"RUB-",NA,NA,NA,"some species are listed"
NA,"Rubus vitifolius","California Blackberry","Rosaceae",500,"?","Listed as one of most common plants of Blodgett but no specimen identified as this species.","RUVI","Y",NA,"Often found in relatively open, moist areas.  Not a major competitor of conifers.  Leaves shape is variable on single  plant, sometimes 2 or 3-lobed.  Prickles quite fine.   ",NA
"RUHIP","Rudbeckia hirta var pulcherrima",NA,"Asteraceae (Compositae)",60,"Y",NA,"RUHI",NA,NA,NA,NA
"RUHIP","Rudbeckia hirta var pulcherrima",NA,"Asteraceae (Compositae)",60,"Y",NA,"RUHI",NA,NA,NA,NA
"RUAC","Rumex acetosella",NA,"Polygonaceae",450,"Y",NA,"RUAC",NA,NA,NA,NA
"RUCO","Rumex conglomeratus",NA,"Polygonaceae",450,"Y",NA,"RUCO",NA,NA,NA,NA
"RUCR-2","Rumex crispus",NA,"Polygonaceae",450,"Y",NA,"RUCR",NA,NA,NA,NA
"RUM-1","Rumex spp.","Dock or Sorrel","Polygonaceae",450,"Y",NA,"RUM-","Y",NA,"Annual or mostly perennial herbs with simple or branched grooved stems.  Flowers numerous, mostly greenish, small, usually crowded and commonly whorled in panicled racemes.  Leaves often mostly basal, the cauline alternate, the petioles sheathing at base.",NA
"SAG-1","Sagina spp.",NA,"Caryophyllaceae",140,"Y",NA,"SAG-",NA,NA,NA,NA
"SALZ","Salicaceae","Willow Family","Salicaceae",520,"Y",NA,"SALZ","Y",NA,"There are several species of willow found on Blodgett, generally in wet places.  Twigs are often green, buds are capped.  Leaves mostly narrow, pinately veined.",NA
"SAEX","Salix sessilifolia (S. exigua)","Willow","Salicaceae",520,"Y","Possible name change due to splitting of species.  See Jepson '93 for clarification.","SASE",NA,NA,NA,NA
"SALA-4","Salix laevigata",NA,"Salicaceae",520,"Y",NA,"SALA",NA,NA,NA,NA
"SALA-5","Salix lucida ssp. lasiandra (S. lasiandra)",NA,"Salicaceae",520,"Y","Possible  name change with splitting of species, Jepson '93.","SALU (SALA)",NA,NA,NA,NA
"SALA-3","Salix lasiolepis",NA,"Salicaceae",520,"Y",NA,"SALA",NA,NA,NA,NA
"SAME-3","Salix melanopsis",NA,"Salicaceae",520,"Y",NA,"SAME",NA,NA,NA,NA
"SASC","Salix scouleriana",NA,"Salicaceae",520,"Y",NA,"SASC",NA,NA,NA,NA
"SAL11","Salix spp.","Willow","Salicaceae",520,"Y",NA,"SAL-",NA,NA,NA,"some species are listed"
NA,"Sambucus caerulea","Blue Elderberry","Caprifoliaceae",130,"N","listed as common plant found at Blodgett but no specimen in herbarium","SACA","Y",NA,"A large shrub (rarely a tree) with opposite, compound leaves.  Clusters of edible blue berries ripen in the fall.   ",NA
"SAGR-1","Sanicula graveolens",NA,"Apiaceae (Umbelliferae)",30,"Y",NA,"SAGR",NA,NA,NA,NA
"SATU","Sanicula tuberosa",NA,"Apiaceae (Umbelliferae)",30,"Y",NA,"SATU",NA,NA,NA,NA
"SAXAFR","Saxafragaceae","Saxafrage Family","Saxafragaceae",530,"Y",NA,"SAXZ",NA,NA,NA,NA
"SCCO","Scirpus congdonii",NA,"Cyperaceae",190,"Y",NA,"SCCO",NA,NA,NA,NA
"SCAN-1","Scleranthus annuus",NA,"Caryophyllaceae",140,"Y",NA,"SCAN",NA,NA,NA,NA
"SCOPHU","Scrophulariaceae","Figwort Family","Scrophulariaceae",540,"Y",NA,"SCRZ",NA,NA,NA,NA
"SEIN-2","Senecio integerrimus",NA,"Asteraceae (Compositae)",60,"?","Specimens in the herbarium may be S. aronicoides instead of S. intergerrimus","SEIN",NA,NA,NA,NA
"SETR","Senecio triangularis",NA,"Asteraceae (Compositae)",60,"Y",NA,"SETR",NA,NA,NA,NA
"SID-4","Sidalcea spp.",NA,"Malvaceae",350,"Y","The single specimen is not mounted.","SID-",NA,NA,NA,"some species are listed"
"SICA-2","Silene californica","California Indian Pink","Caryophyllaceae",140,"Y",NA,"SICA","Y",NA,"A perennial forb with bright red flowers.",NA
"SILE","Silene lemonii",NA,"Caryophyllaceae ",140,"Y",NA,"SILE",NA,NA,NA,NA
"SIEL","Sisyrinchium elmeri","Elmers Blue-eyed Grass ","Iridaceae",310,"Y",NA,"SIEL","Y",NA,"All six ""petals"" in the same plane.  Yellow flowers in summer.  Usually found in wet areas.",NA
"SIID","Sisyrinchium idahoense","Idaho Blue-eyed Grass","Iridaceae",310,"Y",NA,"SIID","Y",NA,"All six ""petals"" in the same plane.  Blue to purplish flowers in summer.  Usually found in wet meadows.",NA
"SMRAA","Smilacina racemosa (formerly var. Amplexicaulis)","Racemose False Solomons-seal","Liliaceae",340,"Y","Variation eliminated, Jepson '93.","SMRA","Y",NA,"Common understory plant in relatively undisturbed areas. Stem erect, 3-9 dm high, leaves 7-20 cm long, 3-10 cm wide. ",NA
"SMST","Smilacina stellata","Panicled False Solomons-seal","Liliaceae",340,NA,NA,"SMST","Y",NA,"Understory plant in relatively undisturbed areas.  Stem erect, 3-6 dm high, leaves 5-15 cm long, 15-30 mm wide. ",NA
"SOL-1","Solanum spp.",NA,"Solanaceae",550,"Y",NA,"SOL-",NA,NA,NA,"some species are listed"
"SOCAE","Solidago canadensis",NA,"Asteraceae (Compositae)",60,"Y",NA,"SOCA",NA,NA,NA,NA
"SOL-4","Solidago spp.",NA,"Asteraceae (Compositae)",60,"Y",NA,"SOL-",NA,NA,NA,"some species are listed"
"SOAS","Sonchus asper",NA,"Asteraceae (Compositae)",60,"Y",NA,"SOAS",NA,NA,NA,NA
"SOCA-3","Sorbus californica","Ash","Rosaceae",500,"Y",NA,"SOCA",NA,NA,NA,NA
"SOR-4","Sorbus spp.","Ash","Rosaceae",500,"Y",NA,"SOR-",NA,NA,NA,NA
"SOHA","Sorghum halepense",NA,"Poaceae (Gramineae)(Androgonae)",420,"Y",NA,"SOHA",NA,NA,NA,NA
"SPRU","Spergularia rubra",NA,"Caryophyllaceae ",140,"Y",NA,"SPRU",NA,NA,NA,NA
"SPPO-2","Spiranthes porrifolia",NA,"Orchidaceae",380,"Y",NA,"SPPO",NA,NA,NA,NA
NA,"Stachys rigida","Hedge-nettle","Lamiaceae (Labiatae)",330,"?","No Stachys specimen identified as this particular species, yet listed as one of the most common plants of Blodgett","STRI","Y",NA,"Rings of flowers just above each pair of leaves.",NA
"STA-1","Stachys spp.",NA,"Lamiaceae (Labiatae)",330,"Y",NA,"STA-",NA,NA,NA,NA
"STNI","Stellaria nitens",NA,"Caryophyllaceae ",140,"Y",NA,"STNI",NA,NA,NA,NA
"STE-7","Stephanomeria spp.",NA,"Asteraceae (Compositae)",60,"Y",NA,"STE-",NA,NA,NA,"some species are listed"
"STCA-1","Achnatherum occidentalis (Stipa californica)",NA,"Poaceae (Gramineae)(Stipeae)",420,"Y","Name change, Jepson '93.","ACOC (STCA)",NA,NA,NA,NA
"STLE-1","Achnatherum lemmonii (Stipa l.)",NA,"Poaceae (Gramineae)(Stipeae)",420,"Y","Name change, Jepson '93.","ACLE (STLE)",NA,NA,NA,NA
"STTO","Streptanthus tortuosus",NA,"Brassicaceae (Cruciferae)",100,"Y",NA,"STTO",NA,NA,NA,NA
"SYAC","Symphorocarpus mollis (S. acutus)","Spreading Snowberry, Creeping Snowberry, Trip vine","Caprifoliaceae",130,"Y","S. acutus no longer considered separate from S. mollis, Jepson '93.","SYMO (SYAC)","Y",NA,"A low, vine-like plant common throughout the forest.  Leaves opposite and either roundish or gently lobed.",NA
"SYM-(3)","Symphoricarpos spp.",NA,"Caprifoliaceae",130,"Y",NA,"SYM-",NA,NA,NA,NA
"TAOF","Taraxacum officinale","Dandelion","Asteraceae (Compositae)",60,"Y",NA,"TAOF",NA,NA,NA,NA
"TABR","Taxus brevifolia","Pacific Yew","Taxaceae",560,"Y",NA,"TABR",NA,NA,NA,NA
NA,"Toxicodendron diversilobum","Poison Oak","Anacardiaceae",20,"N","We need to get a specimen of this for people to refer to","TODI","Y","Common in North part of section 29","This poisonous plant is found only in Section 29 on Blodgett Forest.  It is particulary common North of Peavine Road.  Avoid any contact with it.  Oil from any part of the plant can cause severe skin irritation after several days.  Wash off as soon after possible with cold water and mild detergent.",NA
"TRDU-1","Tragopogon dubius",NA,"Asteraceae (Compositae)",60,"Y",NA,"TRDU",NA,NA,NA,NA
"TRLA-1","Trichostema lanceolatum",NA,"Lamiaceae (Labiatae)",330,"Y",NA,"TRLA",NA,NA,NA,NA
"TRLA-3","Trientalis latifolia","Star Flower","Primulaceae",470,"Y",NA,"TRLA","Y",NA,"One of the most common plants on Blodgett.  Never a major tree competitor since the plants are always small.  Small white flowers in the spring and early summer.",NA
"TRDU-2","Trifolium dubium",NA,"Fabaceae (Leguminosae)",230,"Y",NA,"TRDU",NA,NA,NA,NA
"TRPR-2","Trifolium pratense",NA,"Fabaceae (Leguminosae)",230,"Y",NA,"TRPR",NA,NA,NA,NA
"TRI-9","Trifolium spp.","Clover","Fabaceae (Leguminosae)",230,"Y",NA,"TRI-","Y",NA,"Herbs with mostly palmately trifoliate leaves and adnate stipules.  White, yellow, pink to rose or purple flowers in heads. ","some species are listed"
NA,"Triteleia hyacinthina (Brodiaea hyacinthina)",NA,"Liliaceae (Amaryllidaceae)",340,"Y","Not formerly on the list.  Specimen not mounted.","TR",NA,NA,NA,NA
"BRLU","Triteleia ixiodes (Brodiaea lutea)","Brodiaea, Pretty Face","Liliaceae",340,"Y","Old specimen yet not previously in list.  Name added to this list 6/95.  Name change from listed name, Jepson '93.  Family also merged from Amaryllidaceae.","TRIX (BRO-)","Y",NA,"Perennial herbs similar to onions.  Perianth-segments united into definite basal tube. ","PMLIL210A2"
"TYLA","Typha latifolia","Broad-leaved Cattail","Typhaceae",570,"Y",NA,"TYLA",NA,NA,NA,NA
"VAPA","Vaccinium parvifolium","Red Huckleberry ","Ericaceae",210,"Y",NA,"VAPA","Y",NA,"Generally in shady or moist areas, common near the Cookhouse.   Could be mistaken for deerbrush on a quick glance.  Deciduous.",NA
"VAC-2","Vaccinium spp.","Huckleberry","Ericaceae",210,"Y",NA,"VAC-",NA,NA,NA,"some species are listed"
"VECA-1","Veratrum californicum",NA,"Liliaceae",340,"Y",NA,"VECA",NA,NA,NA,NA
"VETH","Verbascum thapsus","Common Mullein","Scrophulariaceae",540,"Y",NA,"VETH","Y",NA,"A biennial Eurasian weed common along roadsides or in clear- cuts.  In the first year plants form a basal rosette of leaves.  Second year plants have yellow flowers clustered along a tall stalk in the summer.",NA
"VEAM","Veronica americana","Speedwell","Scrophulariaceae",540,"Y",NA,"VEAM",NA,NA,NA,NA
"VESC-2","Veronica scutellata",NA,"Scrophulariaceae",540,"Y",NA,"VESC",NA,NA,NA,NA
"VESE","Veronica serpyllifolia","Speedwell","Scrophulariaceae",540,"Y",NA,"VESE",NA,NA,NA,NA
"VIC-1","Vicia spp.","Vetch","Fabaceae (Leguminosae)",230,"Y",NA,"VIC-",NA,NA,NA,NA
"VIGL","Viola glabella",NA,"Violaceae",580,"Y",NA,"VIGL",NA,NA,NA,NA
"VILO","Viola lobata","Pine Violet","Violaceae",580,"Y",NA,"VILO","Y",NA,"Small yellow flowers in spring or early summer.  Found both in open areas and under the forest canopy.  Leaves variable, either palmately 3-7 (9) cleft, or divided into lance-oblong lobes.  Several other species of violets are also found on Blodgett.",NA
"VIMA","Viola macloskeyi",NA,"Violaceae",580,"Y",NA,"VIMA",NA,NA,NA,NA
"VIPU","Viola purpurea  (some subspecies = new species)",NA,"Violaceae",580,"Y","Several new species described from this species, Jepson '93","VIPU",NA,NA,NA,NA
"VIO-1","Viola spp.","Violet","Violaceae",580,"Y",NA,"VIO-",NA,NA,NA,"some species are listed"
"VIOLAC","Violaceae","Violet Family","Violaceae",580,"Y",NA,"VIOZ",NA,NA,NA,NA
"WHDE","Whitneya dealbata",NA,"Asteraceae (Compositae)",60,"Y",NA,"WHDE",NA,NA,NA,NA
"WOFI","Woodwardia fimbriata","Giant Chain Fern","Blechnaceae (fern)",250,"Y",NA,"WOFI","Y",NA,"A large fern found near water.  Fronds 10-25 dm long. Dicots flowering plants with leaf veins usually pinnate (feather-like) or palmate (like fingers extending from your palm)",NA
NA,"Cyperaceae","Sedges",NA,190,"Y",NA,"CYPZ","Y",NA,"There are many species and several genera of sedge on Blodgett Forest.  Unless species or genus is known use the family code.",NA
NA,"Triteleia lilacina (Brodiaea hyacinthina)",NA,"Liliaceae (Amaryllidaceae)",340,"Y","Not formerly on the list.  Specimen not mounted.","TRLI (BRHY)",NA,NA,NA,NA
NA,"Epilobium spp.","Willow Herb, Fireweed","Onagraceae",370,"Y","Single specimen.","EPI-","n",NA,NA,"some species are listed"
NA,"Pinus contorta","Lodgepole pine","Pinaceae",400,"Y",NA,"PICO (or LP)","N",NA,NA,NA
NA,"Pinus attenuata","Knobcone pine","Pinaceae",400,"Y",NA,"PIAT (or KP)","N",NA,NA,NA
NA,"Torreya californica","California nutmeg","Taxaceae",560,"Y","Not mounted","TOCA (or CN)","N","Section 29, North side","Very spiny needles.  Otherwise it often looks like a large-needled white fir.",NA
