"InvID","PlotID","Invdate","Species","Less than 1 foot","1 to 3 feet","3 to 5 feet","0 to 1 DBH","1 to 2 DBH","2 to 3 DBH","3 to 4 DBH","4 to 5 DBH","Comment"
1,"2000-00001","2003-08-26 00:00:00","AL",0,0,0,NA,NA,NA,NA,NA,NA
1,"2000-00001","2003-08-26 00:00:00","BO",0,0,0,NA,NA,NA,NA,NA,NA
1,"2000-00001","2003-08-26 00:00:00","CH",0,0,0,NA,NA,NA,NA,NA,NA
1,"2000-00001","2003-08-26 00:00:00","DF",19,0,1,NA,NA,NA,NA,NA,NA
1,"2000-00001","2003-08-26 00:00:00","DW",0,0,0,NA,NA,NA,NA,NA,NA
1,"2000-00001","2003-08-26 00:00:00","GS",0,0,0,NA,NA,NA,NA,NA,NA
1,"2000-00001","2003-08-26 00:00:00","HW",0,0,0,NA,NA,NA,NA,NA,NA
1,"2000-00001","2003-08-26 00:00:00","IC",9,1,1,NA,NA,NA,NA,NA,NA
1,"2000-00001","2003-08-26 00:00:00","LP",0,0,0,NA,NA,NA,NA,NA,NA
1,"2000-00001","2003-08-26 00:00:00","MA",0,0,0,NA,NA,NA,NA,NA,NA
1,"2000-00001","2003-08-26 00:00:00","MD",0,0,0,NA,NA,NA,NA,NA,NA
1,"2000-00001","2003-08-26 00:00:00","NM",0,0,0,NA,NA,NA,NA,NA,NA
1,"2000-00001","2003-08-26 00:00:00","PP",0,0,0,NA,NA,NA,NA,NA,NA
1,"2000-00001","2003-08-26 00:00:00","SP",2,0,0,NA,NA,NA,NA,NA,NA
1,"2000-00001","2003-08-26 00:00:00","TO",0,0,0,NA,NA,NA,NA,NA,NA
1,"2000-00001","2003-08-26 00:00:00","WF",20,3,1,NA,NA,NA,NA,NA,NA
1,"2000-00001","2003-08-26 00:00:00","YW",0,0,0,NA,NA,NA,NA,NA,NA
2,"2000-00002","2003-08-26 00:00:00","AL",0,0,0,NA,NA,NA,NA,NA,NA
2,"2000-00002","2003-08-26 00:00:00","BO",0,0,0,NA,NA,NA,NA,NA,NA
2,"2000-00002","2003-08-26 00:00:00","CH",0,0,0,NA,NA,NA,NA,NA,NA
2,"2000-00002","2003-08-26 00:00:00","DF",11,0,0,NA,NA,NA,NA,NA,NA
2,"2000-00002","2003-08-26 00:00:00","DW",0,0,0,NA,NA,NA,NA,NA,NA
2,"2000-00002","2003-08-26 00:00:00","GS",0,0,0,NA,NA,NA,NA,NA,NA
2,"2000-00002","2003-08-26 00:00:00","HW",0,0,0,NA,NA,NA,NA,NA,NA
2,"2000-00002","2003-08-26 00:00:00","IC",1,0,0,NA,NA,NA,NA,NA,NA
2,"2000-00002","2003-08-26 00:00:00","LP",0,0,0,NA,NA,NA,NA,NA,NA
2,"2000-00002","2003-08-26 00:00:00","MA",0,0,0,NA,NA,NA,NA,NA,NA
2,"2000-00002","2003-08-26 00:00:00","MD",0,0,0,NA,NA,NA,NA,NA,NA
2,"2000-00002","2003-08-26 00:00:00","NM",0,0,0,NA,NA,NA,NA,NA,NA
2,"2000-00002","2003-08-26 00:00:00","PP",0,0,0,NA,NA,NA,NA,NA,NA
2,"2000-00002","2003-08-26 00:00:00","SP",0,0,0,NA,NA,NA,NA,NA,NA
2,"2000-00002","2003-08-26 00:00:00","TO",0,0,0,NA,NA,NA,NA,NA,NA
2,"2000-00002","2003-08-26 00:00:00","WF",9,1,0,NA,NA,NA,NA,NA,NA
2,"2000-00002","2003-08-26 00:00:00","YW",0,0,0,NA,NA,NA,NA,NA,NA
3,"2000-00003","2003-08-25 00:00:00","AL",0,0,0,NA,NA,NA,NA,NA,NA
3,"2000-00003","2003-08-25 00:00:00","BO",0,0,0,NA,NA,NA,NA,NA,NA
3,"2000-00003","2003-08-25 00:00:00","CH",0,0,0,NA,NA,NA,NA,NA,NA
3,"2000-00003","2003-08-25 00:00:00","DF",0,0,0,NA,NA,NA,NA,NA,NA
3,"2000-00003","2003-08-25 00:00:00","DW",0,0,0,NA,NA,NA,NA,NA,NA
3,"2000-00003","2003-08-25 00:00:00","GS",0,0,0,NA,NA,NA,NA,NA,NA
3,"2000-00003","2003-08-25 00:00:00","HW",0,0,0,NA,NA,NA,NA,NA,NA
3,"2000-00003","2003-08-25 00:00:00","IC",1,0,0,NA,NA,NA,NA,NA,NA
3,"2000-00003","2003-08-25 00:00:00","LP",0,0,0,NA,NA,NA,NA,NA,NA
3,"2000-00003","2003-08-25 00:00:00","MA",0,0,0,NA,NA,NA,NA,NA,NA
3,"2000-00003","2003-08-25 00:00:00","MD",0,0,0,NA,NA,NA,NA,NA,NA
3,"2000-00003","2003-08-25 00:00:00","NM",0,0,0,NA,NA,NA,NA,NA,NA
3,"2000-00003","2003-08-25 00:00:00","PP",0,0,0,NA,NA,NA,NA,NA,NA
3,"2000-00003","2003-08-25 00:00:00","SP",0,0,0,NA,NA,NA,NA,NA,NA
3,"2000-00003","2003-08-25 00:00:00","TO",0,0,0,NA,NA,NA,NA,NA,NA
3,"2000-00003","2003-08-25 00:00:00","WF",36,1,1,NA,NA,NA,NA,NA,NA
3,"2000-00003","2003-08-25 00:00:00","YW",0,0,0,NA,NA,NA,NA,NA,NA
4,"2000-00004","2003-08-26 00:00:00","AL",0,0,0,NA,NA,NA,NA,NA,NA
4,"2000-00004","2003-08-26 00:00:00","BO",0,0,0,NA,NA,NA,NA,NA,NA
4,"2000-00004","2003-08-26 00:00:00","CH",0,0,0,NA,NA,NA,NA,NA,NA
4,"2000-00004","2003-08-26 00:00:00","DF",3,0,0,NA,NA,NA,NA,NA,NA
4,"2000-00004","2003-08-26 00:00:00","DW",0,0,0,NA,NA,NA,NA,NA,NA
4,"2000-00004","2003-08-26 00:00:00","GS",0,0,0,NA,NA,NA,NA,NA,NA
4,"2000-00004","2003-08-26 00:00:00","HW",0,0,0,NA,NA,NA,NA,NA,NA
4,"2000-00004","2003-08-26 00:00:00","IC",3,0,0,NA,NA,NA,NA,NA,NA
4,"2000-00004","2003-08-26 00:00:00","LP",0,0,0,NA,NA,NA,NA,NA,NA
4,"2000-00004","2003-08-26 00:00:00","MA",0,0,0,NA,NA,NA,NA,NA,NA
4,"2000-00004","2003-08-26 00:00:00","MD",0,0,0,NA,NA,NA,NA,NA,NA
4,"2000-00004","2003-08-26 00:00:00","NM",0,0,0,NA,NA,NA,NA,NA,NA
4,"2000-00004","2003-08-26 00:00:00","PP",0,0,0,NA,NA,NA,NA,NA,NA
4,"2000-00004","2003-08-26 00:00:00","SP",0,0,0,NA,NA,NA,NA,NA,NA
4,"2000-00004","2003-08-26 00:00:00","TO",0,0,0,NA,NA,NA,NA,NA,NA
4,"2000-00004","2003-08-26 00:00:00","WF",20,0,0,NA,NA,NA,NA,NA,NA
4,"2000-00004","2003-08-26 00:00:00","YW",0,0,0,NA,NA,NA,NA,NA,NA
5,"2000-00005","2003-08-26 00:00:00","AL",0,0,0,NA,NA,NA,NA,NA,NA
5,"2000-00005","2003-08-26 00:00:00","BO",2,0,0,NA,NA,NA,NA,NA,NA
5,"2000-00005","2003-08-26 00:00:00","CH",0,0,0,NA,NA,NA,NA,NA,NA
5,"2000-00005","2003-08-26 00:00:00","DF",7,0,0,NA,NA,NA,NA,NA,NA
5,"2000-00005","2003-08-26 00:00:00","DW",0,0,0,NA,NA,NA,NA,NA,NA
9,"2000-00009","2003-08-26 00:00:00","MD",0,0,0,NA,NA,NA,NA,NA,NA
9,"2000-00009","2003-08-26 00:00:00","NM",0,0,0,NA,NA,NA,NA,NA,NA
9,"2000-00009","2003-08-26 00:00:00","PP",0,0,0,NA,NA,NA,NA,NA,NA
9,"2000-00009","2003-08-26 00:00:00","SP",0,0,0,NA,NA,NA,NA,NA,NA
9,"2000-00009","2003-08-26 00:00:00","TO",0,0,0,NA,NA,NA,NA,NA,NA
9,"2000-00009","2003-08-26 00:00:00","WF",16,0,0,NA,NA,NA,NA,NA,NA
9,"2000-00009","2003-08-26 00:00:00","YW",0,0,0,NA,NA,NA,NA,NA,NA
10,"2000-00010","2003-08-26 00:00:00","AL",0,0,0,NA,NA,NA,NA,NA,NA
10,"2000-00010","2003-08-26 00:00:00","BO",5,0,0,NA,NA,NA,NA,NA,NA
10,"2000-00010","2003-08-26 00:00:00","CH",0,0,0,NA,NA,NA,NA,NA,NA
10,"2000-00010","2003-08-26 00:00:00","DF",20,1,0,NA,NA,NA,NA,NA,NA
10,"2000-00010","2003-08-26 00:00:00","DW",12,0,0,NA,NA,NA,NA,NA,NA
10,"2000-00010","2003-08-26 00:00:00","GS",0,0,0,NA,NA,NA,NA,NA,NA
10,"2000-00010","2003-08-26 00:00:00","HW",0,0,0,NA,NA,NA,NA,NA,NA
10,"2000-00010","2003-08-26 00:00:00","IC",12,1,0,NA,NA,NA,NA,NA,NA
10,"2000-00010","2003-08-26 00:00:00","LP",0,0,0,NA,NA,NA,NA,NA,NA
10,"2000-00010","2003-08-26 00:00:00","MA",0,0,0,NA,NA,NA,NA,NA,NA
10,"2000-00010","2003-08-26 00:00:00","MD",0,0,0,NA,NA,NA,NA,NA,NA
10,"2000-00010","2003-08-26 00:00:00","NM",0,0,0,NA,NA,NA,NA,NA,NA
10,"2000-00010","2003-08-26 00:00:00","PP",0,0,0,NA,NA,NA,NA,NA,NA
10,"2000-00010","2003-08-26 00:00:00","SP",3,0,0,NA,NA,NA,NA,NA,NA
10,"2000-00010","2003-08-26 00:00:00","TO",0,0,0,NA,NA,NA,NA,NA,NA
10,"2000-00010","2003-08-26 00:00:00","WF",7,2,0,NA,NA,NA,NA,NA,NA
10,"2000-00010","2003-08-26 00:00:00","YW",0,0,0,NA,NA,NA,NA,NA,NA
11,"2000-00011","2003-08-26 00:00:00","AL",0,0,0,NA,NA,NA,NA,NA,NA
11,"2000-00011","2003-08-26 00:00:00","BO",14,1,0,NA,NA,NA,NA,NA,NA
11,"2000-00011","2003-08-26 00:00:00","CH",0,0,0,NA,NA,NA,NA,NA,NA
11,"2000-00011","2003-08-26 00:00:00","DF",52,0,0,NA,NA,NA,NA,NA,NA
11,"2000-00011","2003-08-26 00:00:00","DW",0,0,0,NA,NA,NA,NA,NA,NA
11,"2000-00011","2003-08-26 00:00:00","GS",0,0,0,NA,NA,NA,NA,NA,NA
11,"2000-00011","2003-08-26 00:00:00","HW",0,0,0,NA,NA,NA,NA,NA,NA
11,"2000-00011","2003-08-26 00:00:00","IC",17,1,0,NA,NA,NA,NA,NA,NA
11,"2000-00011","2003-08-26 00:00:00","LP",0,0,0,NA,NA,NA,NA,NA,NA
11,"2000-00011","2003-08-26 00:00:00","MA",0,0,0,NA,NA,NA,NA,NA,NA
11,"2000-00011","2003-08-26 00:00:00","MD",0,0,0,NA,NA,NA,NA,NA,NA
11,"2000-00011","2003-08-26 00:00:00","NM",0,0,0,NA,NA,NA,NA,NA,NA
11,"2000-00011","2003-08-26 00:00:00","PP",2,0,0,NA,NA,NA,NA,NA,NA
11,"2000-00011","2003-08-26 00:00:00","SP",6,0,0,NA,NA,NA,NA,NA,NA
11,"2000-00011","2003-08-26 00:00:00","TO",0,0,0,NA,NA,NA,NA,NA,NA
11,"2000-00011","2003-08-26 00:00:00","WF",76,1,0,NA,NA,NA,NA,NA,NA
11,"2000-00011","2003-08-26 00:00:00","YW",0,0,0,NA,NA,NA,NA,NA,NA
12,"2000-00012","2003-08-27 00:00:00","AL",0,0,0,NA,NA,NA,NA,NA,NA
12,"2000-00012","2003-08-27 00:00:00","BO",2,1,0,NA,NA,NA,NA,NA,NA
12,"2000-00012","2003-08-27 00:00:00","CH",0,0,0,NA,NA,NA,NA,NA,NA
12,"2000-00012","2003-08-27 00:00:00","DF",19,0,0,NA,NA,NA,NA,NA,NA
12,"2000-00012","2003-08-27 00:00:00","DW",15,5,1,NA,NA,NA,NA,NA,NA
12,"2000-00012","2003-08-27 00:00:00","GS",0,0,0,NA,NA,NA,NA,NA,NA
12,"2000-00012","2003-08-27 00:00:00","HW",0,0,0,NA,NA,NA,NA,NA,NA
12,"2000-00012","2003-08-27 00:00:00","IC",2,1,1,NA,NA,NA,NA,NA,NA
12,"2000-00012","2003-08-27 00:00:00","LP",0,0,0,NA,NA,NA,NA,NA,NA
12,"2000-00012","2003-08-27 00:00:00","MA",0,0,0,NA,NA,NA,NA,NA,NA
12,"2000-00012","2003-08-27 00:00:00","MD",0,0,0,NA,NA,NA,NA,NA,NA
12,"2000-00012","2003-08-27 00:00:00","NM",0,0,0,NA,NA,NA,NA,NA,NA
12,"2000-00012","2003-08-27 00:00:00","PP",0,0,0,NA,NA,NA,NA,NA,NA
12,"2000-00012","2003-08-27 00:00:00","SP",0,0,2,NA,NA,NA,NA,NA,NA
12,"2000-00012","2003-08-27 00:00:00","TO",0,0,0,NA,NA,NA,NA,NA,NA
12,"2000-00012","2003-08-27 00:00:00","WF",6,2,2,NA,NA,NA,NA,NA,NA
12,"2000-00012","2003-08-27 00:00:00","YW",0,0,0,NA,NA,NA,NA,NA,NA
13,"2000-00013","2003-08-27 00:00:00","AL",0,0,0,NA,NA,NA,NA,NA,NA
13,"2000-00013","2003-08-27 00:00:00","BO",3,0,0,NA,NA,NA,NA,NA,NA
13,"2000-00013","2003-08-27 00:00:00","CH",0,0,0,NA,NA,NA,NA,NA,NA
13,"2000-00013","2003-08-27 00:00:00","DF",12,0,0,NA,NA,NA,NA,NA,NA
13,"2000-00013","2003-08-27 00:00:00","DW",0,0,0,NA,NA,NA,NA,NA,NA
13,"2000-00013","2003-08-27 00:00:00","GS",0,0,0,NA,NA,NA,NA,NA,NA
13,"2000-00013","2003-08-27 00:00:00","HW",0,0,0,NA,NA,NA,NA,NA,NA
13,"2000-00013","2003-08-27 00:00:00","IC",1,2,0,NA,NA,NA,NA,NA,NA
13,"2000-00013","2003-08-27 00:00:00","LP",0,0,0,NA,NA,NA,NA,NA,NA
13,"2000-00013","2003-08-27 00:00:00","MA",0,0,0,NA,NA,NA,NA,NA,NA
13,"2000-00013","2003-08-27 00:00:00","MD",0,0,0,NA,NA,NA,NA,NA,NA
13,"2000-00013","2003-08-27 00:00:00","NM",0,0,0,NA,NA,NA,NA,NA,NA
13,"2000-00013","2003-08-27 00:00:00","PP",0,0,0,NA,NA,NA,NA,NA,NA
13,"2000-00013","2003-08-27 00:00:00","SP",0,0,0,NA,NA,NA,NA,NA,NA
13,"2000-00013","2003-08-27 00:00:00","TO",0,0,0,NA,NA,NA,NA,NA,NA
13,"2000-00013","2003-08-27 00:00:00","WF",7,1,0,NA,NA,NA,NA,NA,NA
5,"2000-00005","2003-08-26 00:00:00","GS",0,0,0,NA,NA,NA,NA,NA,NA
5,"2000-00005","2003-08-26 00:00:00","HW",0,0,0,NA,NA,NA,NA,NA,NA
5,"2000-00005","2003-08-26 00:00:00","IC",0,0,0,NA,NA,NA,NA,NA,NA
5,"2000-00005","2003-08-26 00:00:00","LP",0,0,0,NA,NA,NA,NA,NA,NA
5,"2000-00005","2003-08-26 00:00:00","MA",0,0,0,NA,NA,NA,NA,NA,NA
5,"2000-00005","2003-08-26 00:00:00","MD",0,0,0,NA,NA,NA,NA,NA,NA
5,"2000-00005","2003-08-26 00:00:00","NM",0,0,0,NA,NA,NA,NA,NA,NA
5,"2000-00005","2003-08-26 00:00:00","PP",0,0,0,NA,NA,NA,NA,NA,NA
5,"2000-00005","2003-08-26 00:00:00","SP",0,0,0,NA,NA,NA,NA,NA,NA
5,"2000-00005","2003-08-26 00:00:00","TO",0,0,0,NA,NA,NA,NA,NA,NA
5,"2000-00005","2003-08-26 00:00:00","WF",12,0,0,NA,NA,NA,NA,NA,NA
5,"2000-00005","2003-08-26 00:00:00","YW",0,0,0,NA,NA,NA,NA,NA,NA
6,"2000-00006","2003-08-26 00:00:00","AL",0,0,0,NA,NA,NA,NA,NA,NA
6,"2000-00006","2003-08-26 00:00:00","BO",12,1,1,NA,NA,NA,NA,NA,NA
6,"2000-00006","2003-08-26 00:00:00","CH",0,1,0,NA,NA,NA,NA,NA,NA
6,"2000-00006","2003-08-26 00:00:00","DF",16,0,0,NA,NA,NA,NA,NA,NA
6,"2000-00006","2003-08-26 00:00:00","DW",0,0,0,NA,NA,NA,NA,NA,NA
6,"2000-00006","2003-08-26 00:00:00","GS",0,0,0,NA,NA,NA,NA,NA,NA
6,"2000-00006","2003-08-26 00:00:00","HW",0,0,0,NA,NA,NA,NA,NA,NA
6,"2000-00006","2003-08-26 00:00:00","IC",2,3,1,NA,NA,NA,NA,NA,NA
6,"2000-00006","2003-08-26 00:00:00","LP",0,0,0,NA,NA,NA,NA,NA,NA
6,"2000-00006","2003-08-26 00:00:00","MA",0,0,0,NA,NA,NA,NA,NA,NA
6,"2000-00006","2003-08-26 00:00:00","MD",0,0,0,NA,NA,NA,NA,NA,NA
6,"2000-00006","2003-08-26 00:00:00","NM",0,0,0,NA,NA,NA,NA,NA,NA
6,"2000-00006","2003-08-26 00:00:00","PP",0,0,0,NA,NA,NA,NA,NA,NA
6,"2000-00006","2003-08-26 00:00:00","SP",0,0,0,NA,NA,NA,NA,NA,NA
6,"2000-00006","2003-08-26 00:00:00","TO",0,0,0,NA,NA,NA,NA,NA,NA
6,"2000-00006","2003-08-26 00:00:00","WF",70,4,1,NA,NA,NA,NA,NA,NA
6,"2000-00006","2003-08-26 00:00:00","YW",0,0,0,NA,NA,NA,NA,NA,NA
7,"2000-00007","2003-08-26 00:00:00","AL",0,0,0,NA,NA,NA,NA,NA,NA
7,"2000-00007","2003-08-26 00:00:00","BO",0,0,0,NA,NA,NA,NA,NA,NA
7,"2000-00007","2003-08-26 00:00:00","CH",0,0,0,NA,NA,NA,NA,NA,NA
7,"2000-00007","2003-08-26 00:00:00","DF",18,0,0,NA,NA,NA,NA,NA,NA
7,"2000-00007","2003-08-26 00:00:00","DW",0,0,0,NA,NA,NA,NA,NA,NA
7,"2000-00007","2003-08-26 00:00:00","GS",0,0,0,NA,NA,NA,NA,NA,NA
7,"2000-00007","2003-08-26 00:00:00","HW",0,0,0,NA,NA,NA,NA,NA,NA
7,"2000-00007","2003-08-26 00:00:00","IC",0,1,0,NA,NA,NA,NA,NA,NA
7,"2000-00007","2003-08-26 00:00:00","LP",0,0,0,NA,NA,NA,NA,NA,NA
7,"2000-00007","2003-08-26 00:00:00","MA",0,0,0,NA,NA,NA,NA,NA,NA
7,"2000-00007","2003-08-26 00:00:00","MD",0,0,0,NA,NA,NA,NA,NA,NA
7,"2000-00007","2003-08-26 00:00:00","NM",0,0,0,NA,NA,NA,NA,NA,NA
7,"2000-00007","2003-08-26 00:00:00","PP",0,0,0,NA,NA,NA,NA,NA,NA
7,"2000-00007","2003-08-26 00:00:00","SP",1,0,0,NA,NA,NA,NA,NA,NA
7,"2000-00007","2003-08-26 00:00:00","TO",0,0,0,NA,NA,NA,NA,NA,NA
7,"2000-00007","2003-08-26 00:00:00","WF",15,1,0,NA,NA,NA,NA,NA,NA
7,"2000-00007","2003-08-26 00:00:00","YW",0,0,0,NA,NA,NA,NA,NA,NA
8,"2000-00008","2003-08-26 00:00:00","AL",0,0,0,NA,NA,NA,NA,NA,NA
8,"2000-00008","2003-08-26 00:00:00","BO",3,0,0,NA,NA,NA,NA,NA,NA
8,"2000-00008","2003-08-26 00:00:00","CH",0,0,0,NA,NA,NA,NA,NA,NA
8,"2000-00008","2003-08-26 00:00:00","DF",9,0,0,NA,NA,NA,NA,NA,NA
8,"2000-00008","2003-08-26 00:00:00","DW",0,0,0,NA,NA,NA,NA,NA,NA
8,"2000-00008","2003-08-26 00:00:00","GS",0,0,0,NA,NA,NA,NA,NA,NA
8,"2000-00008","2003-08-26 00:00:00","HW",0,0,0,NA,NA,NA,NA,NA,NA
8,"2000-00008","2003-08-26 00:00:00","IC",0,0,0,NA,NA,NA,NA,NA,NA
8,"2000-00008","2003-08-26 00:00:00","LP",0,0,0,NA,NA,NA,NA,NA,NA
8,"2000-00008","2003-08-26 00:00:00","MA",0,0,0,NA,NA,NA,NA,NA,NA
8,"2000-00008","2003-08-26 00:00:00","MD",0,0,0,NA,NA,NA,NA,NA,NA
8,"2000-00008","2003-08-26 00:00:00","NM",0,0,0,NA,NA,NA,NA,NA,NA
8,"2000-00008","2003-08-26 00:00:00","PP",0,0,0,NA,NA,NA,NA,NA,NA
8,"2000-00008","2003-08-26 00:00:00","SP",3,0,0,NA,NA,NA,NA,NA,NA
8,"2000-00008","2003-08-26 00:00:00","TO",0,0,0,NA,NA,NA,NA,NA,NA
8,"2000-00008","2003-08-26 00:00:00","WF",0,0,0,NA,NA,NA,NA,NA,NA
8,"2000-00008","2003-08-26 00:00:00","YW",0,0,0,NA,NA,NA,NA,NA,NA
9,"2000-00009","2003-08-26 00:00:00","AL",0,0,0,NA,NA,NA,NA,NA,NA
9,"2000-00009","2003-08-26 00:00:00","BO",2,0,0,NA,NA,NA,NA,NA,NA
9,"2000-00009","2003-08-26 00:00:00","CH",0,0,0,NA,NA,NA,NA,NA,NA
9,"2000-00009","2003-08-26 00:00:00","DF",10,0,0,NA,NA,NA,NA,NA,NA
9,"2000-00009","2003-08-26 00:00:00","DW",0,0,0,NA,NA,NA,NA,NA,NA
9,"2000-00009","2003-08-26 00:00:00","GS",0,0,0,NA,NA,NA,NA,NA,NA
9,"2000-00009","2003-08-26 00:00:00","HW",0,0,0,NA,NA,NA,NA,NA,NA
9,"2000-00009","2003-08-26 00:00:00","IC",2,0,0,NA,NA,NA,NA,NA,NA
9,"2000-00009","2003-08-26 00:00:00","LP",0,0,0,NA,NA,NA,NA,NA,NA
9,"2000-00009","2003-08-26 00:00:00","MA",0,0,0,NA,NA,NA,NA,NA,NA
13,"2000-00013","2003-08-27 00:00:00","YW",0,0,0,NA,NA,NA,NA,NA,NA
14,"2000-00014","2003-08-27 00:00:00","AL",0,0,0,NA,NA,NA,NA,NA,NA
14,"2000-00014","2003-08-27 00:00:00","BO",2,0,0,NA,NA,NA,NA,NA,NA
14,"2000-00014","2003-08-27 00:00:00","CH",0,0,0,NA,NA,NA,NA,NA,NA
14,"2000-00014","2003-08-27 00:00:00","DF",25,6,0,NA,NA,NA,NA,NA,NA
14,"2000-00014","2003-08-27 00:00:00","DW",0,0,0,NA,NA,NA,NA,NA,NA
14,"2000-00014","2003-08-27 00:00:00","GS",0,0,0,NA,NA,NA,NA,NA,NA
14,"2000-00014","2003-08-27 00:00:00","HW",0,0,0,NA,NA,NA,NA,NA,NA
14,"2000-00014","2003-08-27 00:00:00","IC",2,1,0,NA,NA,NA,NA,NA,NA
14,"2000-00014","2003-08-27 00:00:00","LP",0,0,0,NA,NA,NA,NA,NA,NA
14,"2000-00014","2003-08-27 00:00:00","MA",0,0,0,NA,NA,NA,NA,NA,NA
14,"2000-00014","2003-08-27 00:00:00","MD",0,0,0,NA,NA,NA,NA,NA,NA
14,"2000-00014","2003-08-27 00:00:00","NM",0,0,0,NA,NA,NA,NA,NA,NA
14,"2000-00014","2003-08-27 00:00:00","PP",0,0,0,NA,NA,NA,NA,NA,NA
14,"2000-00014","2003-08-27 00:00:00","SP",0,0,0,NA,NA,NA,NA,NA,NA
14,"2000-00014","2003-08-27 00:00:00","TO",0,0,0,NA,NA,NA,NA,NA,NA
14,"2000-00014","2003-08-27 00:00:00","WF",40,5,2,NA,NA,NA,NA,NA,NA
14,"2000-00014","2003-08-27 00:00:00","YW",0,0,0,NA,NA,NA,NA,NA,NA
15,"2000-00015","2003-08-27 00:00:00","AL",0,0,0,NA,NA,NA,NA,NA,NA
15,"2000-00015","2003-08-27 00:00:00","BO",19,5,0,NA,NA,NA,NA,NA,NA
15,"2000-00015","2003-08-27 00:00:00","CH",0,0,0,NA,NA,NA,NA,NA,NA
15,"2000-00015","2003-08-27 00:00:00","DF",14,1,0,NA,NA,NA,NA,NA,NA
15,"2000-00015","2003-08-27 00:00:00","DW",0,0,0,NA,NA,NA,NA,NA,NA
15,"2000-00015","2003-08-27 00:00:00","GS",0,0,0,NA,NA,NA,NA,NA,NA
15,"2000-00015","2003-08-27 00:00:00","HW",0,0,0,NA,NA,NA,NA,NA,NA
15,"2000-00015","2003-08-27 00:00:00","IC",5,0,0,NA,NA,NA,NA,NA,NA
15,"2000-00015","2003-08-27 00:00:00","LP",0,0,0,NA,NA,NA,NA,NA,NA
15,"2000-00015","2003-08-27 00:00:00","MA",0,0,0,NA,NA,NA,NA,NA,NA
15,"2000-00015","2003-08-27 00:00:00","MD",0,0,0,NA,NA,NA,NA,NA,NA
15,"2000-00015","2003-08-27 00:00:00","NM",0,0,0,NA,NA,NA,NA,NA,NA
15,"2000-00015","2003-08-27 00:00:00","PP",1,0,0,NA,NA,NA,NA,NA,NA
15,"2000-00015","2003-08-27 00:00:00","SP",0,0,0,NA,NA,NA,NA,NA,NA
15,"2000-00015","2003-08-27 00:00:00","TO",0,0,0,NA,NA,NA,NA,NA,NA
15,"2000-00015","2003-08-27 00:00:00","WF",8,1,0,NA,NA,NA,NA,NA,NA
15,"2000-00015","2003-08-27 00:00:00","YW",0,0,0,NA,NA,NA,NA,NA,NA
16,"2000-00016","2003-08-27 00:00:00","AL",0,0,0,NA,NA,NA,NA,NA,NA
16,"2000-00016","2003-08-27 00:00:00","BO",0,0,0,NA,NA,NA,NA,NA,NA
16,"2000-00016","2003-08-27 00:00:00","CH",0,0,0,NA,NA,NA,NA,NA,NA
16,"2000-00016","2003-08-27 00:00:00","DF",4,0,1,NA,NA,NA,NA,NA,NA
16,"2000-00016","2003-08-27 00:00:00","DW",12,2,3,NA,NA,NA,NA,NA,NA
16,"2000-00016","2003-08-27 00:00:00","GS",0,0,0,NA,NA,NA,NA,NA,NA
16,"2000-00016","2003-08-27 00:00:00","HW",0,0,0,NA,NA,NA,NA,NA,NA
16,"2000-00016","2003-08-27 00:00:00","IC",1,0,0,NA,NA,NA,NA,NA,NA
16,"2000-00016","2003-08-27 00:00:00","LP",0,0,0,NA,NA,NA,NA,NA,NA
16,"2000-00016","2003-08-27 00:00:00","MA",1,1,1,NA,NA,NA,NA,NA,NA
16,"2000-00016","2003-08-27 00:00:00","MD",0,0,0,NA,NA,NA,NA,NA,NA
16,"2000-00016","2003-08-27 00:00:00","NM",0,0,0,NA,NA,NA,NA,NA,NA
16,"2000-00016","2003-08-27 00:00:00","PP",0,0,0,NA,NA,NA,NA,NA,NA
16,"2000-00016","2003-08-27 00:00:00","SP",0,0,0,NA,NA,NA,NA,NA,NA
16,"2000-00016","2003-08-27 00:00:00","TO",0,0,0,NA,NA,NA,NA,NA,NA
16,"2000-00016","2003-08-27 00:00:00","WF",1,0,0,NA,NA,NA,NA,NA,NA
16,"2000-00016","2003-08-27 00:00:00","YW",0,0,0,NA,NA,NA,NA,NA,NA
17,"2000-00017","2003-08-28 00:00:00","AL",0,0,0,NA,NA,NA,NA,NA,NA
17,"2000-00017","2003-08-28 00:00:00","BO",5,0,0,NA,NA,NA,NA,NA,NA
17,"2000-00017","2003-08-28 00:00:00","CH",0,0,0,NA,NA,NA,NA,NA,NA
17,"2000-00017","2003-08-28 00:00:00","DF",0,3,0,NA,NA,NA,NA,NA,NA
17,"2000-00017","2003-08-28 00:00:00","DW",0,0,1,NA,NA,NA,NA,NA,NA
17,"2000-00017","2003-08-28 00:00:00","GS",0,0,0,NA,NA,NA,NA,NA,NA
17,"2000-00017","2003-08-28 00:00:00","HW",0,0,0,NA,NA,NA,NA,NA,NA
17,"2000-00017","2003-08-28 00:00:00","IC",0,0,0,NA,NA,NA,NA,NA,NA
17,"2000-00017","2003-08-28 00:00:00","LP",0,0,0,NA,NA,NA,NA,NA,NA
17,"2000-00017","2003-08-28 00:00:00","MA",0,0,0,NA,NA,NA,NA,NA,NA
17,"2000-00017","2003-08-28 00:00:00","MD",0,0,0,NA,NA,NA,NA,NA,NA
17,"2000-00017","2003-08-28 00:00:00","NM",0,0,0,NA,NA,NA,NA,NA,NA
17,"2000-00017","2003-08-28 00:00:00","PP",0,0,0,NA,NA,NA,NA,NA,NA
17,"2000-00017","2003-08-28 00:00:00","SP",0,0,0,NA,NA,NA,NA,NA,NA
17,"2000-00017","2003-08-28 00:00:00","TO",0,0,0,NA,NA,NA,NA,NA,NA
17,"2000-00017","2003-08-28 00:00:00","WF",0,1,0,NA,NA,NA,NA,NA,NA
17,"2000-00017","2003-08-28 00:00:00","YW",0,0,0,NA,NA,NA,NA,NA,NA
18,"2000-00018","2003-08-27 00:00:00","AL",0,0,0,NA,NA,NA,NA,NA,NA
18,"2000-00018","2003-08-27 00:00:00","BO",2,0,0,NA,NA,NA,NA,NA,NA
18,"2000-00018","2003-08-27 00:00:00","CH",0,0,0,NA,NA,NA,NA,NA,NA
18,"2000-00018","2003-08-27 00:00:00","DF",0,0,0,NA,NA,NA,NA,NA,NA
18,"2000-00018","2003-08-27 00:00:00","DW",0,3,0,NA,NA,NA,NA,NA,NA
18,"2000-00018","2003-08-27 00:00:00","GS",0,0,0,NA,NA,NA,NA,NA,NA
18,"2000-00018","2003-08-27 00:00:00","HW",0,0,0,NA,NA,NA,NA,NA,NA
18,"2000-00018","2003-08-27 00:00:00","IC",1,0,0,NA,NA,NA,NA,NA,NA
18,"2000-00018","2003-08-27 00:00:00","LP",0,0,0,NA,NA,NA,NA,NA,NA
18,"2000-00018","2003-08-27 00:00:00","MA",0,0,0,NA,NA,NA,NA,NA,NA
18,"2000-00018","2003-08-27 00:00:00","MD",0,0,0,NA,NA,NA,NA,NA,NA
18,"2000-00018","2003-08-27 00:00:00","NM",0,0,0,NA,NA,NA,NA,NA,NA
18,"2000-00018","2003-08-27 00:00:00","PP",0,0,0,NA,NA,NA,NA,NA,NA
18,"2000-00018","2003-08-27 00:00:00","SP",0,0,0,NA,NA,NA,NA,NA,NA
18,"2000-00018","2003-08-27 00:00:00","TO",0,0,0,NA,NA,NA,NA,NA,NA
18,"2000-00018","2003-08-27 00:00:00","WF",0,1,0,NA,NA,NA,NA,NA,NA
18,"2000-00018","2003-08-27 00:00:00","YW",0,0,0,NA,NA,NA,NA,NA,NA
19,"2000-00019","2003-10-14 00:00:00","AL",0,0,0,NA,NA,NA,NA,NA,NA
19,"2000-00019","2003-10-14 00:00:00","BO",1,0,0,NA,NA,NA,NA,NA,NA
19,"2000-00019","2003-10-14 00:00:00","CH",0,0,0,NA,NA,NA,NA,NA,NA
19,"2000-00019","2003-10-14 00:00:00","DF",0,0,0,NA,NA,NA,NA,NA,NA
19,"2000-00019","2003-10-14 00:00:00","DW",1,2,0,NA,NA,NA,NA,NA,NA
19,"2000-00019","2003-10-14 00:00:00","GS",0,0,0,NA,NA,NA,NA,NA,NA
19,"2000-00019","2003-10-14 00:00:00","HW",0,0,0,NA,NA,NA,NA,NA,NA
19,"2000-00019","2003-10-14 00:00:00","IC",0,0,0,NA,NA,NA,NA,NA,NA
19,"2000-00019","2003-10-14 00:00:00","LP",0,0,0,NA,NA,NA,NA,NA,NA
19,"2000-00019","2003-10-14 00:00:00","MA",0,0,0,NA,NA,NA,NA,NA,NA
19,"2000-00019","2003-10-14 00:00:00","MD",0,0,0,NA,NA,NA,NA,NA,NA
19,"2000-00019","2003-10-14 00:00:00","NM",0,0,0,NA,NA,NA,NA,NA,NA
19,"2000-00019","2003-10-14 00:00:00","PP",0,0,0,NA,NA,NA,NA,NA,NA
19,"2000-00019","2003-10-14 00:00:00","SP",0,0,0,NA,NA,NA,NA,NA,NA
19,"2000-00019","2003-10-14 00:00:00","TO",0,0,0,NA,NA,NA,NA,NA,NA
19,"2000-00019","2003-10-14 00:00:00","WF",0,0,0,NA,NA,NA,NA,NA,NA
19,"2000-00019","2003-10-14 00:00:00","YW",0,0,0,NA,NA,NA,NA,NA,NA
20,"2000-00020","2003-08-27 00:00:00","AL",0,0,0,NA,NA,NA,NA,NA,NA
20,"2000-00020","2003-08-27 00:00:00","BO",0,0,0,NA,NA,NA,NA,NA,NA
20,"2000-00020","2003-08-27 00:00:00","CH",0,0,0,NA,NA,NA,NA,NA,NA
20,"2000-00020","2003-08-27 00:00:00","DF",0,0,0,NA,NA,NA,NA,NA,NA
20,"2000-00020","2003-08-27 00:00:00","DW",0,3,1,NA,NA,NA,NA,NA,NA
20,"2000-00020","2003-08-27 00:00:00","GS",0,0,0,NA,NA,NA,NA,NA,NA
20,"2000-00020","2003-08-27 00:00:00","HW",2,0,0,NA,NA,NA,NA,NA,NA
20,"2000-00020","2003-08-27 00:00:00","IC",0,0,0,NA,NA,NA,NA,NA,NA
20,"2000-00020","2003-08-27 00:00:00","LP",0,0,0,NA,NA,NA,NA,NA,NA
20,"2000-00020","2003-08-27 00:00:00","MA",0,0,0,NA,NA,NA,NA,NA,NA
20,"2000-00020","2003-08-27 00:00:00","MD",0,0,0,NA,NA,NA,NA,NA,NA
20,"2000-00020","2003-08-27 00:00:00","NM",0,0,0,NA,NA,NA,NA,NA,NA
20,"2000-00020","2003-08-27 00:00:00","PP",0,0,0,NA,NA,NA,NA,NA,NA
20,"2000-00020","2003-08-27 00:00:00","SP",0,0,0,NA,NA,NA,NA,NA,NA
20,"2000-00020","2003-08-27 00:00:00","TO",0,0,0,NA,NA,NA,NA,NA,NA
20,"2000-00020","2003-08-27 00:00:00","WF",0,0,0,NA,NA,NA,NA,NA,NA
20,"2000-00020","2003-08-27 00:00:00","YW",0,0,0,NA,NA,NA,NA,NA,NA
21,"2000-00021","2003-08-27 00:00:00","AL",0,0,0,NA,NA,NA,NA,NA,NA
21,"2000-00021","2003-08-27 00:00:00","BO",4,0,0,NA,NA,NA,NA,NA,NA
21,"2000-00021","2003-08-27 00:00:00","CH",0,0,0,NA,NA,NA,NA,NA,NA
21,"2000-00021","2003-08-27 00:00:00","DF",3,0,0,NA,NA,NA,NA,NA,NA
21,"2000-00021","2003-08-27 00:00:00","DW",2,1,0,NA,NA,NA,NA,NA,NA
21,"2000-00021","2003-08-27 00:00:00","GS",0,0,0,NA,NA,NA,NA,NA,NA
21,"2000-00021","2003-08-27 00:00:00","HW",0,0,0,NA,NA,NA,NA,NA,NA
21,"2000-00021","2003-08-27 00:00:00","IC",0,0,0,NA,NA,NA,NA,NA,NA
21,"2000-00021","2003-08-27 00:00:00","LP",0,0,0,NA,NA,NA,NA,NA,NA
21,"2000-00021","2003-08-27 00:00:00","MA",0,0,0,NA,NA,NA,NA,NA,NA
21,"2000-00021","2003-08-27 00:00:00","MD",0,0,0,NA,NA,NA,NA,NA,NA
21,"2000-00021","2003-08-27 00:00:00","NM",0,0,0,NA,NA,NA,NA,NA,NA
21,"2000-00021","2003-08-27 00:00:00","PP",0,0,0,NA,NA,NA,NA,NA,NA
21,"2000-00021","2003-08-27 00:00:00","SP",1,0,0,NA,NA,NA,NA,NA,NA
21,"2000-00021","2003-08-27 00:00:00","TO",0,0,0,NA,NA,NA,NA,NA,NA
21,"2000-00021","2003-08-27 00:00:00","WF",3,0,0,NA,NA,NA,NA,NA,NA
21,"2000-00021","2003-08-27 00:00:00","YW",0,0,0,NA,NA,NA,NA,NA,NA
22,"2000-00022","2003-08-28 00:00:00","AL",0,0,0,NA,NA,NA,NA,NA,NA
22,"2000-00022","2003-08-28 00:00:00","BO",1,0,0,NA,NA,NA,NA,NA,NA
22,"2000-00022","2003-08-28 00:00:00","CH",0,0,0,NA,NA,NA,NA,NA,NA
22,"2000-00022","2003-08-28 00:00:00","DF",2,0,0,NA,NA,NA,NA,NA,NA
22,"2000-00022","2003-08-28 00:00:00","DW",0,1,0,NA,NA,NA,NA,NA,NA
22,"2000-00022","2003-08-28 00:00:00","GS",0,0,0,NA,NA,NA,NA,NA,NA
22,"2000-00022","2003-08-28 00:00:00","HW",0,0,0,NA,NA,NA,NA,NA,NA
22,"2000-00022","2003-08-28 00:00:00","IC",1,0,0,NA,NA,NA,NA,NA,NA
22,"2000-00022","2003-08-28 00:00:00","LP",0,0,0,NA,NA,NA,NA,NA,NA
22,"2000-00022","2003-08-28 00:00:00","MA",0,0,0,NA,NA,NA,NA,NA,NA
22,"2000-00022","2003-08-28 00:00:00","MD",0,0,0,NA,NA,NA,NA,NA,NA
22,"2000-00022","2003-08-28 00:00:00","NM",0,0,0,NA,NA,NA,NA,NA,NA
22,"2000-00022","2003-08-28 00:00:00","PP",0,0,0,NA,NA,NA,NA,NA,NA
22,"2000-00022","2003-08-28 00:00:00","SP",0,0,0,NA,NA,NA,NA,NA,NA
22,"2000-00022","2003-08-28 00:00:00","TO",0,0,0,NA,NA,NA,NA,NA,NA
22,"2000-00022","2003-08-28 00:00:00","WF",0,0,0,NA,NA,NA,NA,NA,NA
22,"2000-00022","2003-08-28 00:00:00","YW",0,0,0,NA,NA,NA,NA,NA,NA
23,"2000-00023","2003-10-14 00:00:00","AL",0,0,0,NA,NA,NA,NA,NA,NA
23,"2000-00023","2003-10-14 00:00:00","BO",2,0,0,NA,NA,NA,NA,NA,NA
23,"2000-00023","2003-10-14 00:00:00","CH",0,3,0,NA,NA,NA,NA,NA,NA
23,"2000-00023","2003-10-14 00:00:00","DF",5,1,1,NA,NA,NA,NA,NA,NA
23,"2000-00023","2003-10-14 00:00:00","DW",3,3,2,NA,NA,NA,NA,NA,NA
23,"2000-00023","2003-10-14 00:00:00","GS",0,0,0,NA,NA,NA,NA,NA,NA
23,"2000-00023","2003-10-14 00:00:00","HW",0,0,0,NA,NA,NA,NA,NA,NA
23,"2000-00023","2003-10-14 00:00:00","IC",5,0,0,NA,NA,NA,NA,NA,NA
23,"2000-00023","2003-10-14 00:00:00","LP",0,0,0,NA,NA,NA,NA,NA,NA
23,"2000-00023","2003-10-14 00:00:00","MA",0,0,0,NA,NA,NA,NA,NA,NA
23,"2000-00023","2003-10-14 00:00:00","MD",0,0,0,NA,NA,NA,NA,NA,NA
23,"2000-00023","2003-10-14 00:00:00","NM",0,0,0,NA,NA,NA,NA,NA,NA
23,"2000-00023","2003-10-14 00:00:00","PP",0,0,0,NA,NA,NA,NA,NA,NA
23,"2000-00023","2003-10-14 00:00:00","SP",2,0,0,NA,NA,NA,NA,NA,NA
23,"2000-00023","2003-10-14 00:00:00","TO",0,0,0,NA,NA,NA,NA,NA,NA
23,"2000-00023","2003-10-14 00:00:00","WF",2,0,0,NA,NA,NA,NA,NA,NA
23,"2000-00023","2003-10-14 00:00:00","YW",0,0,0,NA,NA,NA,NA,NA,NA
24,"2000-00024","2003-10-14 00:00:00","AL",0,0,0,NA,NA,NA,NA,NA,NA
24,"2000-00024","2003-10-14 00:00:00","BO",1,0,0,NA,NA,NA,NA,NA,NA
24,"2000-00024","2003-10-14 00:00:00","CH",0,0,0,NA,NA,NA,NA,NA,NA
24,"2000-00024","2003-10-14 00:00:00","DF",4,0,1,NA,NA,NA,NA,NA,NA
24,"2000-00024","2003-10-14 00:00:00","DW",0,0,0,NA,NA,NA,NA,NA,NA
24,"2000-00024","2003-10-14 00:00:00","GS",0,0,0,NA,NA,NA,NA,NA,NA
24,"2000-00024","2003-10-14 00:00:00","HW",0,0,0,NA,NA,NA,NA,NA,NA
24,"2000-00024","2003-10-14 00:00:00","IC",1,4,6,NA,NA,NA,NA,NA,NA
24,"2000-00024","2003-10-14 00:00:00","LP",0,0,0,NA,NA,NA,NA,NA,NA
24,"2000-00024","2003-10-14 00:00:00","MA",0,0,0,NA,NA,NA,NA,NA,NA
24,"2000-00024","2003-10-14 00:00:00","MD",0,0,0,NA,NA,NA,NA,NA,NA
24,"2000-00024","2003-10-14 00:00:00","NM",0,0,0,NA,NA,NA,NA,NA,NA
24,"2000-00024","2003-10-14 00:00:00","PP",0,0,0,NA,NA,NA,NA,NA,NA
24,"2000-00024","2003-10-14 00:00:00","SP",0,0,0,NA,NA,NA,NA,NA,NA
24,"2000-00024","2003-10-14 00:00:00","TO",0,0,0,NA,NA,NA,NA,NA,NA
24,"2000-00024","2003-10-14 00:00:00","WF",9,2,2,NA,NA,NA,NA,NA,NA
24,"2000-00024","2003-10-14 00:00:00","YW",0,0,0,NA,NA,NA,NA,NA,NA
25,"2000-00002","2010-08-31 00:00:00","AL",0,0,0,NA,NA,NA,NA,NA,NA
25,"2000-00002","2010-08-31 00:00:00","BO",0,0,0,NA,NA,NA,NA,NA,NA
25,"2000-00002","2010-08-31 00:00:00","CH",0,0,0,NA,NA,NA,NA,NA,NA
25,"2000-00002","2010-08-31 00:00:00","DF",2,0,0,NA,NA,NA,NA,NA,NA
25,"2000-00002","2010-08-31 00:00:00","DW",0,0,0,NA,NA,NA,NA,NA,NA
25,"2000-00002","2010-08-31 00:00:00","GS",0,0,0,NA,NA,NA,NA,NA,NA
25,"2000-00002","2010-08-31 00:00:00","HW",0,0,0,NA,NA,NA,NA,NA,NA
25,"2000-00002","2010-08-31 00:00:00","IC",0,0,0,NA,NA,NA,NA,NA,NA
25,"2000-00002","2010-08-31 00:00:00","LP",0,0,0,NA,NA,NA,NA,NA,NA
25,"2000-00002","2010-08-31 00:00:00","MA",0,0,0,NA,NA,NA,NA,NA,NA
25,"2000-00002","2010-08-31 00:00:00","MD",0,0,0,NA,NA,NA,NA,NA,NA
25,"2000-00002","2010-08-31 00:00:00","NM",0,0,0,NA,NA,NA,NA,NA,NA
25,"2000-00002","2010-08-31 00:00:00","PP",0,0,0,NA,NA,NA,NA,NA,NA
25,"2000-00002","2010-08-31 00:00:00","SP",0,0,0,NA,NA,NA,NA,NA,NA
25,"2000-00002","2010-08-31 00:00:00","TO",0,0,0,NA,NA,NA,NA,NA,NA
25,"2000-00002","2010-08-31 00:00:00","WF",4,0,0,NA,NA,NA,NA,NA,NA
25,"2000-00002","2010-08-31 00:00:00","YW",0,0,0,NA,NA,NA,NA,NA,NA
26,"2000-00001","2010-08-31 00:00:00","AL",0,0,0,NA,NA,NA,NA,NA,NA
26,"2000-00001","2010-08-31 00:00:00","BO",0,0,0,NA,NA,NA,NA,NA,NA
26,"2000-00001","2010-08-31 00:00:00","CH",0,0,0,NA,NA,NA,NA,NA,NA
26,"2000-00001","2010-08-31 00:00:00","DF",4,2,0,NA,NA,NA,NA,NA,NA
26,"2000-00001","2010-08-31 00:00:00","DW",0,0,0,NA,NA,NA,NA,NA,NA
26,"2000-00001","2010-08-31 00:00:00","GS",0,0,0,NA,NA,NA,NA,NA,NA
26,"2000-00001","2010-08-31 00:00:00","HW",0,0,0,NA,NA,NA,NA,NA,NA
26,"2000-00001","2010-08-31 00:00:00","IC",1,0,0,NA,NA,NA,NA,NA,NA
26,"2000-00001","2010-08-31 00:00:00","LP",0,0,0,NA,NA,NA,NA,NA,NA
26,"2000-00001","2010-08-31 00:00:00","MA",0,0,0,NA,NA,NA,NA,NA,NA
26,"2000-00001","2010-08-31 00:00:00","MD",0,0,0,NA,NA,NA,NA,NA,NA
26,"2000-00001","2010-08-31 00:00:00","NM",0,0,0,NA,NA,NA,NA,NA,NA
26,"2000-00001","2010-08-31 00:00:00","PP",0,0,0,NA,NA,NA,NA,NA,NA
26,"2000-00001","2010-08-31 00:00:00","SP",0,0,0,NA,NA,NA,NA,NA,NA
26,"2000-00001","2010-08-31 00:00:00","TO",0,0,0,NA,NA,NA,NA,NA,NA
26,"2000-00001","2010-08-31 00:00:00","WF",4,6,3,NA,NA,NA,NA,NA,NA
26,"2000-00001","2010-08-31 00:00:00","YW",0,0,0,NA,NA,NA,NA,NA,NA
27,"2000-00003","2010-07-29 00:00:00","AL",0,0,0,NA,NA,NA,NA,NA,NA
27,"2000-00003","2010-07-29 00:00:00","BO",0,0,0,NA,NA,NA,NA,NA,NA
27,"2000-00003","2010-07-29 00:00:00","CH",0,0,0,NA,NA,NA,NA,NA,NA
27,"2000-00003","2010-07-29 00:00:00","DF",0,0,0,NA,NA,NA,NA,NA,NA
27,"2000-00003","2010-07-29 00:00:00","DW",0,0,0,NA,NA,NA,NA,NA,NA
27,"2000-00003","2010-07-29 00:00:00","GS",0,0,0,NA,NA,NA,NA,NA,NA
27,"2000-00003","2010-07-29 00:00:00","HW",0,0,0,NA,NA,NA,NA,NA,NA
27,"2000-00003","2010-07-29 00:00:00","IC",2,1,0,NA,NA,NA,NA,NA,NA
27,"2000-00003","2010-07-29 00:00:00","LP",0,0,0,NA,NA,NA,NA,NA,NA
27,"2000-00003","2010-07-29 00:00:00","MA",0,0,0,NA,NA,NA,NA,NA,NA
27,"2000-00003","2010-07-29 00:00:00","MD",0,0,0,NA,NA,NA,NA,NA,NA
27,"2000-00003","2010-07-29 00:00:00","NM",0,0,0,NA,NA,NA,NA,NA,NA
27,"2000-00003","2010-07-29 00:00:00","PP",0,0,0,NA,NA,NA,NA,NA,NA
27,"2000-00003","2010-07-29 00:00:00","SP",0,0,0,NA,NA,NA,NA,NA,NA
27,"2000-00003","2010-07-29 00:00:00","TO",0,0,0,NA,NA,NA,NA,NA,NA
27,"2000-00003","2010-07-29 00:00:00","WF",27,7,1,NA,NA,NA,NA,NA,NA
27,"2000-00003","2010-07-29 00:00:00","YW",0,0,0,NA,NA,NA,NA,NA,NA
28,"2000-00004","2010-08-31 00:00:00","AL",0,0,0,NA,NA,NA,NA,NA,NA
28,"2000-00004","2010-08-31 00:00:00","BO",0,0,0,NA,NA,NA,NA,NA,NA
28,"2000-00004","2010-08-31 00:00:00","CH",0,0,0,NA,NA,NA,NA,NA,NA
28,"2000-00004","2010-08-31 00:00:00","DF",7,2,0,NA,NA,NA,NA,NA,NA
28,"2000-00004","2010-08-31 00:00:00","DW",0,0,1,NA,NA,NA,NA,NA,NA
28,"2000-00004","2010-08-31 00:00:00","GS",0,0,0,NA,NA,NA,NA,NA,NA
28,"2000-00004","2010-08-31 00:00:00","HW",0,0,0,NA,NA,NA,NA,NA,NA
28,"2000-00004","2010-08-31 00:00:00","IC",1,1,0,NA,NA,NA,NA,NA,NA
28,"2000-00004","2010-08-31 00:00:00","LP",0,0,0,NA,NA,NA,NA,NA,NA
28,"2000-00004","2010-08-31 00:00:00","MA",0,0,0,NA,NA,NA,NA,NA,NA
28,"2000-00004","2010-08-31 00:00:00","MD",0,0,0,NA,NA,NA,NA,NA,NA
28,"2000-00004","2010-08-31 00:00:00","NM",0,0,0,NA,NA,NA,NA,NA,NA
28,"2000-00004","2010-08-31 00:00:00","PP",0,0,0,NA,NA,NA,NA,NA,NA
28,"2000-00004","2010-08-31 00:00:00","SP",0,0,0,NA,NA,NA,NA,NA,NA
28,"2000-00004","2010-08-31 00:00:00","TO",0,0,0,NA,NA,NA,NA,NA,NA
28,"2000-00004","2010-08-31 00:00:00","WF",16,4,0,NA,NA,NA,NA,NA,NA
28,"2000-00004","2010-08-31 00:00:00","YW",0,0,0,NA,NA,NA,NA,NA,NA
29,"2000-00005","2010-09-02 00:00:00","AL",0,0,0,NA,NA,NA,NA,NA,NA
29,"2000-00005","2010-09-02 00:00:00","BO",0,0,0,NA,NA,NA,NA,NA,NA
29,"2000-00005","2010-09-02 00:00:00","CH",0,0,0,NA,NA,NA,NA,NA,NA
29,"2000-00005","2010-09-02 00:00:00","DF",6,0,0,NA,NA,NA,NA,NA,NA
29,"2000-00005","2010-09-02 00:00:00","DW",0,0,0,NA,NA,NA,NA,NA,NA
29,"2000-00005","2010-09-02 00:00:00","GS",0,0,0,NA,NA,NA,NA,NA,NA
29,"2000-00005","2010-09-02 00:00:00","HW",0,0,0,NA,NA,NA,NA,NA,NA
29,"2000-00005","2010-09-02 00:00:00","IC",0,0,0,NA,NA,NA,NA,NA,NA
29,"2000-00005","2010-09-02 00:00:00","LP",0,0,0,NA,NA,NA,NA,NA,NA
29,"2000-00005","2010-09-02 00:00:00","MA",0,0,0,NA,NA,NA,NA,NA,NA
29,"2000-00005","2010-09-02 00:00:00","MD",0,0,0,NA,NA,NA,NA,NA,NA
29,"2000-00005","2010-09-02 00:00:00","NM",0,0,0,NA,NA,NA,NA,NA,NA
29,"2000-00005","2010-09-02 00:00:00","PP",0,0,0,NA,NA,NA,NA,NA,NA
29,"2000-00005","2010-09-02 00:00:00","SP",0,0,0,NA,NA,NA,NA,NA,NA
29,"2000-00005","2010-09-02 00:00:00","TO",0,0,0,NA,NA,NA,NA,NA,NA
29,"2000-00005","2010-09-02 00:00:00","WF",7,2,0,NA,NA,NA,NA,NA,NA
29,"2000-00005","2010-09-02 00:00:00","YW",0,0,0,NA,NA,NA,NA,NA,NA
30,"2000-00006","2010-07-29 00:00:00","AL",0,0,0,NA,NA,NA,NA,NA,NA
30,"2000-00006","2010-07-29 00:00:00","BO",10,4,0,NA,NA,NA,NA,NA,NA
30,"2000-00006","2010-07-29 00:00:00","CH",0,0,0,NA,NA,NA,NA,NA,NA
30,"2000-00006","2010-07-29 00:00:00","DF",7,0,0,NA,NA,NA,NA,NA,NA
30,"2000-00006","2010-07-29 00:00:00","DW",0,0,0,NA,NA,NA,NA,NA,NA
30,"2000-00006","2010-07-29 00:00:00","GS",0,0,0,NA,NA,NA,NA,NA,NA
30,"2000-00006","2010-07-29 00:00:00","HW",0,0,0,NA,NA,NA,NA,NA,NA
30,"2000-00006","2010-07-29 00:00:00","IC",1,0,1,NA,NA,NA,NA,NA,NA
30,"2000-00006","2010-07-29 00:00:00","LP",0,0,0,NA,NA,NA,NA,NA,NA
30,"2000-00006","2010-07-29 00:00:00","MA",0,0,0,NA,NA,NA,NA,NA,NA
30,"2000-00006","2010-07-29 00:00:00","MD",0,0,0,NA,NA,NA,NA,NA,NA
30,"2000-00006","2010-07-29 00:00:00","NM",0,0,0,NA,NA,NA,NA,NA,NA
30,"2000-00006","2010-07-29 00:00:00","PP",0,0,0,NA,NA,NA,NA,NA,NA
30,"2000-00006","2010-07-29 00:00:00","SP",0,0,0,NA,NA,NA,NA,NA,NA
30,"2000-00006","2010-07-29 00:00:00","TO",0,0,0,NA,NA,NA,NA,NA,NA
30,"2000-00006","2010-07-29 00:00:00","WF",33,12,0,NA,NA,NA,NA,NA,NA
30,"2000-00006","2010-07-29 00:00:00","YW",0,0,0,NA,NA,NA,NA,NA,NA
31,"2000-00007","2010-08-28 00:00:00","AL",0,0,0,NA,NA,NA,NA,NA,NA
31,"2000-00007","2010-08-28 00:00:00","BO",2,0,0,NA,NA,NA,NA,NA,NA
31,"2000-00007","2010-08-28 00:00:00","CH",0,0,0,NA,NA,NA,NA,NA,NA
31,"2000-00007","2010-08-28 00:00:00","DF",9,0,0,NA,NA,NA,NA,NA,NA
31,"2000-00007","2010-08-28 00:00:00","DW",0,0,0,NA,NA,NA,NA,NA,NA
31,"2000-00007","2010-08-28 00:00:00","GS",0,0,0,NA,NA,NA,NA,NA,NA
31,"2000-00007","2010-08-28 00:00:00","HW",0,0,0,NA,NA,NA,NA,NA,NA
31,"2000-00007","2010-08-28 00:00:00","IC",0,0,0,NA,NA,NA,NA,NA,NA
31,"2000-00007","2010-08-28 00:00:00","LP",0,0,0,NA,NA,NA,NA,NA,NA
31,"2000-00007","2010-08-28 00:00:00","MA",0,0,0,NA,NA,NA,NA,NA,NA
31,"2000-00007","2010-08-28 00:00:00","MD",0,0,0,NA,NA,NA,NA,NA,NA
31,"2000-00007","2010-08-28 00:00:00","NM",0,0,0,NA,NA,NA,NA,NA,NA
31,"2000-00007","2010-08-28 00:00:00","PP",1,0,0,NA,NA,NA,NA,NA,NA
31,"2000-00007","2010-08-28 00:00:00","SP",0,0,0,NA,NA,NA,NA,NA,NA
31,"2000-00007","2010-08-28 00:00:00","TO",0,0,0,NA,NA,NA,NA,NA,NA
31,"2000-00007","2010-08-28 00:00:00","WF",3,1,0,NA,NA,NA,NA,NA,NA
31,"2000-00007","2010-08-28 00:00:00","YW",0,0,0,NA,NA,NA,NA,NA,NA
32,"2000-00008","2010-08-29 00:00:00","AL",0,0,0,NA,NA,NA,NA,NA,NA
32,"2000-00008","2010-08-29 00:00:00","BO",0,0,0,NA,NA,NA,NA,NA,NA
32,"2000-00008","2010-08-29 00:00:00","CH",0,0,0,NA,NA,NA,NA,NA,NA
32,"2000-00008","2010-08-29 00:00:00","DF",1,0,0,NA,NA,NA,NA,NA,NA
32,"2000-00008","2010-08-29 00:00:00","DW",0,0,0,NA,NA,NA,NA,NA,NA
32,"2000-00008","2010-08-29 00:00:00","GS",0,0,0,NA,NA,NA,NA,NA,NA
32,"2000-00008","2010-08-29 00:00:00","HW",0,0,0,NA,NA,NA,NA,NA,NA
32,"2000-00008","2010-08-29 00:00:00","IC",0,0,0,NA,NA,NA,NA,NA,NA
32,"2000-00008","2010-08-29 00:00:00","LP",0,0,0,NA,NA,NA,NA,NA,NA
32,"2000-00008","2010-08-29 00:00:00","MA",0,0,0,NA,NA,NA,NA,NA,NA
32,"2000-00008","2010-08-29 00:00:00","MD",0,0,0,NA,NA,NA,NA,NA,NA
32,"2000-00008","2010-08-29 00:00:00","NM",0,0,0,NA,NA,NA,NA,NA,NA
32,"2000-00008","2010-08-29 00:00:00","PP",0,0,0,NA,NA,NA,NA,NA,NA
32,"2000-00008","2010-08-29 00:00:00","SP",0,0,0,NA,NA,NA,NA,NA,NA
32,"2000-00008","2010-08-29 00:00:00","TO",0,0,0,NA,NA,NA,NA,NA,NA
32,"2000-00008","2010-08-29 00:00:00","WF",1,0,0,NA,NA,NA,NA,NA,NA
32,"2000-00008","2010-08-29 00:00:00","YW",0,0,0,NA,NA,NA,NA,NA,NA
33,"2000-00009","2010-08-29 00:00:00","AL",0,0,0,NA,NA,NA,NA,NA,NA
33,"2000-00009","2010-08-29 00:00:00","BO",8,0,0,NA,NA,NA,NA,NA,NA
33,"2000-00009","2010-08-29 00:00:00","CH",0,0,0,NA,NA,NA,NA,NA,NA
33,"2000-00009","2010-08-29 00:00:00","DF",0,0,0,NA,NA,NA,NA,NA,NA
33,"2000-00009","2010-08-29 00:00:00","DW",0,0,0,NA,NA,NA,NA,NA,NA
33,"2000-00009","2010-08-29 00:00:00","GS",0,0,0,NA,NA,NA,NA,NA,NA
33,"2000-00009","2010-08-29 00:00:00","HW",0,0,0,NA,NA,NA,NA,NA,NA
33,"2000-00009","2010-08-29 00:00:00","IC",0,0,0,NA,NA,NA,NA,NA,NA
33,"2000-00009","2010-08-29 00:00:00","LP",0,0,0,NA,NA,NA,NA,NA,NA
33,"2000-00009","2010-08-29 00:00:00","MA",0,0,0,NA,NA,NA,NA,NA,NA
33,"2000-00009","2010-08-29 00:00:00","MD",0,0,0,NA,NA,NA,NA,NA,NA
33,"2000-00009","2010-08-29 00:00:00","NM",0,0,0,NA,NA,NA,NA,NA,NA
33,"2000-00009","2010-08-29 00:00:00","PP",0,0,0,NA,NA,NA,NA,NA,NA
33,"2000-00009","2010-08-29 00:00:00","SP",0,0,0,NA,NA,NA,NA,NA,NA
33,"2000-00009","2010-08-29 00:00:00","TO",0,0,0,NA,NA,NA,NA,NA,NA
33,"2000-00009","2010-08-29 00:00:00","WF",17,0,0,NA,NA,NA,NA,NA,NA
33,"2000-00009","2010-08-29 00:00:00","YW",0,0,0,NA,NA,NA,NA,NA,NA
34,"2000-00010","2010-08-28 00:00:00","AL",0,0,0,NA,NA,NA,NA,NA,NA
34,"2000-00010","2010-08-28 00:00:00","BO",5,0,0,NA,NA,NA,NA,NA,NA
34,"2000-00010","2010-08-28 00:00:00","CH",0,0,0,NA,NA,NA,NA,NA,NA
34,"2000-00010","2010-08-28 00:00:00","DF",2,0,0,NA,NA,NA,NA,NA,NA
34,"2000-00010","2010-08-28 00:00:00","DW",0,0,0,NA,NA,NA,NA,NA,NA
34,"2000-00010","2010-08-28 00:00:00","GS",0,0,0,NA,NA,NA,NA,NA,NA
34,"2000-00010","2010-08-28 00:00:00","HW",0,0,0,NA,NA,NA,NA,NA,NA
34,"2000-00010","2010-08-28 00:00:00","IC",5,1,1,NA,NA,NA,NA,NA,NA
34,"2000-00010","2010-08-28 00:00:00","LP",0,0,0,NA,NA,NA,NA,NA,NA
34,"2000-00010","2010-08-28 00:00:00","MA",0,0,0,NA,NA,NA,NA,NA,NA
34,"2000-00010","2010-08-28 00:00:00","MD",0,0,0,NA,NA,NA,NA,NA,NA
34,"2000-00010","2010-08-28 00:00:00","NM",0,0,0,NA,NA,NA,NA,NA,NA
34,"2000-00010","2010-08-28 00:00:00","PP",0,0,0,NA,NA,NA,NA,NA,NA
34,"2000-00010","2010-08-28 00:00:00","SP",0,0,0,NA,NA,NA,NA,NA,NA
34,"2000-00010","2010-08-28 00:00:00","TO",0,0,0,NA,NA,NA,NA,NA,NA
34,"2000-00010","2010-08-28 00:00:00","WF",9,0,0,NA,NA,NA,NA,NA,NA
34,"2000-00010","2010-08-28 00:00:00","YW",0,0,0,NA,NA,NA,NA,NA,NA
35,"2000-00011","2010-08-30 00:00:00","AL",0,0,0,NA,NA,NA,NA,NA,NA
35,"2000-00011","2010-08-30 00:00:00","BO",0,3,0,NA,NA,NA,NA,NA,NA
35,"2000-00011","2010-08-30 00:00:00","CH",0,0,0,NA,NA,NA,NA,NA,NA
35,"2000-00011","2010-08-30 00:00:00","DF",4,2,0,NA,NA,NA,NA,NA,NA
35,"2000-00011","2010-08-30 00:00:00","DW",0,0,0,NA,NA,NA,NA,NA,NA
35,"2000-00011","2010-08-30 00:00:00","GS",0,0,0,NA,NA,NA,NA,NA,NA
35,"2000-00011","2010-08-30 00:00:00","HW",0,0,0,NA,NA,NA,NA,NA,NA
35,"2000-00011","2010-08-30 00:00:00","IC",6,1,0,NA,NA,NA,NA,NA,NA
35,"2000-00011","2010-08-30 00:00:00","LP",0,0,0,NA,NA,NA,NA,NA,NA
35,"2000-00011","2010-08-30 00:00:00","MA",0,0,0,NA,NA,NA,NA,NA,NA
35,"2000-00011","2010-08-30 00:00:00","MD",0,0,0,NA,NA,NA,NA,NA,NA
35,"2000-00011","2010-08-30 00:00:00","NM",0,0,0,NA,NA,NA,NA,NA,NA
35,"2000-00011","2010-08-30 00:00:00","PP",2,0,0,NA,NA,NA,NA,NA,NA
35,"2000-00011","2010-08-30 00:00:00","SP",0,0,0,NA,NA,NA,NA,NA,NA
35,"2000-00011","2010-08-30 00:00:00","TO",0,0,0,NA,NA,NA,NA,NA,NA
35,"2000-00011","2010-08-30 00:00:00","WF",63,44,0,NA,NA,NA,NA,NA,NA
35,"2000-00011","2010-08-30 00:00:00","YW",0,0,0,NA,NA,NA,NA,NA,NA
36,"2000-00012","2010-08-31 00:00:00","AL",0,0,0,NA,NA,NA,NA,NA,NA
36,"2000-00012","2010-08-31 00:00:00","BO",0,0,0,NA,NA,NA,NA,NA,NA
36,"2000-00012","2010-08-31 00:00:00","CH",0,0,0,NA,NA,NA,NA,NA,NA
36,"2000-00012","2010-08-31 00:00:00","DF",2,0,0,NA,NA,NA,NA,NA,NA
36,"2000-00012","2010-08-31 00:00:00","DW",43,1,3,NA,NA,NA,NA,NA,NA
36,"2000-00012","2010-08-31 00:00:00","GS",0,0,0,NA,NA,NA,NA,NA,NA
36,"2000-00012","2010-08-31 00:00:00","HW",0,0,0,NA,NA,NA,NA,NA,NA
36,"2000-00012","2010-08-31 00:00:00","IC",0,0,0,NA,NA,NA,NA,NA,NA
36,"2000-00012","2010-08-31 00:00:00","LP",0,0,0,NA,NA,NA,NA,NA,NA
36,"2000-00012","2010-08-31 00:00:00","MA",0,0,0,NA,NA,NA,NA,NA,NA
36,"2000-00012","2010-08-31 00:00:00","MD",0,0,0,NA,NA,NA,NA,NA,NA
36,"2000-00012","2010-08-31 00:00:00","NM",0,0,0,NA,NA,NA,NA,NA,NA
36,"2000-00012","2010-08-31 00:00:00","PP",0,0,0,NA,NA,NA,NA,NA,NA
36,"2000-00012","2010-08-31 00:00:00","SP",0,0,0,NA,NA,NA,NA,NA,NA
36,"2000-00012","2010-08-31 00:00:00","TO",0,0,0,NA,NA,NA,NA,NA,NA
36,"2000-00012","2010-08-31 00:00:00","WF",2,0,2,NA,NA,NA,NA,NA,NA
36,"2000-00012","2010-08-31 00:00:00","YW",0,0,0,NA,NA,NA,NA,NA,NA
37,"2000-00013","2010-08-28 00:00:00","AL",0,0,0,NA,NA,NA,NA,NA,NA
37,"2000-00013","2010-08-28 00:00:00","BO",0,0,0,NA,NA,NA,NA,NA,NA
37,"2000-00013","2010-08-28 00:00:00","CH",0,0,0,NA,NA,NA,NA,NA,NA
37,"2000-00013","2010-08-28 00:00:00","DF",6,1,0,NA,NA,NA,NA,NA,NA
37,"2000-00013","2010-08-28 00:00:00","DW",0,0,0,NA,NA,NA,NA,NA,NA
37,"2000-00013","2010-08-28 00:00:00","GS",0,0,0,NA,NA,NA,NA,NA,NA
37,"2000-00013","2010-08-28 00:00:00","HW",0,0,0,NA,NA,NA,NA,NA,NA
37,"2000-00013","2010-08-28 00:00:00","IC",0,0,2,NA,NA,NA,NA,NA,NA
37,"2000-00013","2010-08-28 00:00:00","LP",0,0,0,NA,NA,NA,NA,NA,NA
37,"2000-00013","2010-08-28 00:00:00","MA",0,0,0,NA,NA,NA,NA,NA,NA
37,"2000-00013","2010-08-28 00:00:00","MD",0,0,0,NA,NA,NA,NA,NA,NA
37,"2000-00013","2010-08-28 00:00:00","NM",0,0,0,NA,NA,NA,NA,NA,NA
37,"2000-00013","2010-08-28 00:00:00","PP",0,0,0,NA,NA,NA,NA,NA,NA
37,"2000-00013","2010-08-28 00:00:00","SP",0,0,0,NA,NA,NA,NA,NA,NA
37,"2000-00013","2010-08-28 00:00:00","TO",0,0,0,NA,NA,NA,NA,NA,NA
37,"2000-00013","2010-08-28 00:00:00","WF",3,1,0,NA,NA,NA,NA,NA,NA
37,"2000-00013","2010-08-28 00:00:00","YW",0,0,0,NA,NA,NA,NA,NA,NA
38,"2000-00014","2010-08-30 00:00:00","AL",0,0,0,NA,NA,NA,NA,NA,NA
38,"2000-00014","2010-08-30 00:00:00","BO",0,0,0,NA,NA,NA,NA,NA,NA
38,"2000-00014","2010-08-30 00:00:00","CH",0,0,0,NA,NA,NA,NA,NA,NA
38,"2000-00014","2010-08-30 00:00:00","DF",4,2,1,NA,NA,NA,NA,NA,NA
38,"2000-00014","2010-08-30 00:00:00","DW",0,0,0,NA,NA,NA,NA,NA,NA
38,"2000-00014","2010-08-30 00:00:00","GS",0,0,0,NA,NA,NA,NA,NA,NA
38,"2000-00014","2010-08-30 00:00:00","HW",0,0,0,NA,NA,NA,NA,NA,NA
38,"2000-00014","2010-08-30 00:00:00","IC",1,0,1,NA,NA,NA,NA,NA,NA
38,"2000-00014","2010-08-30 00:00:00","LP",0,0,0,NA,NA,NA,NA,NA,NA
38,"2000-00014","2010-08-30 00:00:00","MA",0,0,0,NA,NA,NA,NA,NA,NA
38,"2000-00014","2010-08-30 00:00:00","MD",0,0,0,NA,NA,NA,NA,NA,NA
38,"2000-00014","2010-08-30 00:00:00","NM",0,0,0,NA,NA,NA,NA,NA,NA
38,"2000-00014","2010-08-30 00:00:00","PP",0,0,0,NA,NA,NA,NA,NA,NA
38,"2000-00014","2010-08-30 00:00:00","SP",0,0,0,NA,NA,NA,NA,NA,NA
38,"2000-00014","2010-08-30 00:00:00","TO",0,0,0,NA,NA,NA,NA,NA,NA
38,"2000-00014","2010-08-30 00:00:00","WF",21,10,4,NA,NA,NA,NA,NA,NA
38,"2000-00014","2010-08-30 00:00:00","YW",0,0,0,NA,NA,NA,NA,NA,NA
39,"2000-00015","2010-08-30 00:00:00","AL",0,0,0,NA,NA,NA,NA,NA,NA
39,"2000-00015","2010-08-30 00:00:00","BO",8,0,0,NA,NA,NA,NA,NA,NA
39,"2000-00015","2010-08-30 00:00:00","CH",0,0,0,NA,NA,NA,NA,NA,NA
39,"2000-00015","2010-08-30 00:00:00","DF",3,0,0,NA,NA,NA,NA,NA,NA
39,"2000-00015","2010-08-30 00:00:00","DW",0,0,0,NA,NA,NA,NA,NA,NA
39,"2000-00015","2010-08-30 00:00:00","GS",0,0,0,NA,NA,NA,NA,NA,NA
39,"2000-00015","2010-08-30 00:00:00","HW",0,0,0,NA,NA,NA,NA,NA,NA
39,"2000-00015","2010-08-30 00:00:00","IC",2,0,0,NA,NA,NA,NA,NA,NA
39,"2000-00015","2010-08-30 00:00:00","LP",0,0,0,NA,NA,NA,NA,NA,NA
39,"2000-00015","2010-08-30 00:00:00","MA",2,0,0,NA,NA,NA,NA,NA,NA
39,"2000-00015","2010-08-30 00:00:00","MD",0,0,0,NA,NA,NA,NA,NA,NA
39,"2000-00015","2010-08-30 00:00:00","NM",0,0,0,NA,NA,NA,NA,NA,NA
39,"2000-00015","2010-08-30 00:00:00","PP",1,0,0,NA,NA,NA,NA,NA,NA
39,"2000-00015","2010-08-30 00:00:00","SP",0,0,0,NA,NA,NA,NA,NA,NA
39,"2000-00015","2010-08-30 00:00:00","TO",0,0,0,NA,NA,NA,NA,NA,NA
39,"2000-00015","2010-08-30 00:00:00","WF",3,0,1,NA,NA,NA,NA,NA,NA
39,"2000-00015","2010-08-30 00:00:00","YW",0,0,0,NA,NA,NA,NA,NA,NA
40,"2000-00016","2010-08-29 00:00:00","AL",0,0,0,NA,NA,NA,NA,NA,NA
40,"2000-00016","2010-08-29 00:00:00","BO",2,0,0,NA,NA,NA,NA,NA,NA
40,"2000-00016","2010-08-29 00:00:00","CH",0,0,0,NA,NA,NA,NA,NA,NA
40,"2000-00016","2010-08-29 00:00:00","DF",4,1,0,NA,NA,NA,NA,NA,NA
40,"2000-00016","2010-08-29 00:00:00","DW",35,15,1,NA,NA,NA,NA,NA,NA
40,"2000-00016","2010-08-29 00:00:00","GS",0,0,0,NA,NA,NA,NA,NA,NA
40,"2000-00016","2010-08-29 00:00:00","HW",0,0,0,NA,NA,NA,NA,NA,NA
40,"2000-00016","2010-08-29 00:00:00","IC",0,0,0,NA,NA,NA,NA,NA,NA
40,"2000-00016","2010-08-29 00:00:00","LP",0,0,0,NA,NA,NA,NA,NA,NA
40,"2000-00016","2010-08-29 00:00:00","MA",0,1,0,NA,NA,NA,NA,NA,NA
40,"2000-00016","2010-08-29 00:00:00","MD",0,0,0,NA,NA,NA,NA,NA,NA
40,"2000-00016","2010-08-29 00:00:00","NM",0,0,0,NA,NA,NA,NA,NA,NA
40,"2000-00016","2010-08-29 00:00:00","PP",0,0,0,NA,NA,NA,NA,NA,NA
40,"2000-00016","2010-08-29 00:00:00","SP",0,0,0,NA,NA,NA,NA,NA,NA
40,"2000-00016","2010-08-29 00:00:00","TO",0,0,0,NA,NA,NA,NA,NA,NA
40,"2000-00016","2010-08-29 00:00:00","WF",6,0,0,NA,NA,NA,NA,NA,NA
40,"2000-00016","2010-08-29 00:00:00","YW",0,0,0,NA,NA,NA,NA,NA,NA
41,"2000-00017","2010-08-29 00:00:00","AL",0,0,0,NA,NA,NA,NA,NA,NA
41,"2000-00017","2010-08-29 00:00:00","BO",0,0,0,NA,NA,NA,NA,NA,NA
41,"2000-00017","2010-08-29 00:00:00","CH",0,0,0,NA,NA,NA,NA,NA,NA
41,"2000-00017","2010-08-29 00:00:00","DF",0,2,0,NA,NA,NA,NA,NA,NA
41,"2000-00017","2010-08-29 00:00:00","DW",0,1,0,NA,NA,NA,NA,NA,NA
41,"2000-00017","2010-08-29 00:00:00","GS",0,0,0,NA,NA,NA,NA,NA,NA
41,"2000-00017","2010-08-29 00:00:00","HW",0,0,0,NA,NA,NA,NA,NA,NA
41,"2000-00017","2010-08-29 00:00:00","IC",0,0,0,NA,NA,NA,NA,NA,NA
41,"2000-00017","2010-08-29 00:00:00","LP",0,0,0,NA,NA,NA,NA,NA,NA
41,"2000-00017","2010-08-29 00:00:00","MA",0,0,0,NA,NA,NA,NA,NA,NA
41,"2000-00017","2010-08-29 00:00:00","MD",0,0,0,NA,NA,NA,NA,NA,NA
41,"2000-00017","2010-08-29 00:00:00","NM",0,0,0,NA,NA,NA,NA,NA,NA
41,"2000-00017","2010-08-29 00:00:00","PP",0,0,0,NA,NA,NA,NA,NA,NA
41,"2000-00017","2010-08-29 00:00:00","SP",0,0,0,NA,NA,NA,NA,NA,NA
41,"2000-00017","2010-08-29 00:00:00","TO",0,0,0,NA,NA,NA,NA,NA,NA
41,"2000-00017","2010-08-29 00:00:00","WF",0,1,0,NA,NA,NA,NA,NA,NA
41,"2000-00017","2010-08-29 00:00:00","YW",0,0,0,NA,NA,NA,NA,NA,NA
42,"2000-00018","2010-08-31 00:00:00","AL",0,1,0,NA,NA,NA,NA,NA,NA
42,"2000-00018","2010-08-31 00:00:00","BO",3,1,0,NA,NA,NA,NA,NA,NA
42,"2000-00018","2010-08-31 00:00:00","CH",0,0,0,NA,NA,NA,NA,NA,NA
42,"2000-00018","2010-08-31 00:00:00","DF",0,0,0,NA,NA,NA,NA,NA,NA
42,"2000-00018","2010-08-31 00:00:00","DW",0,0,0,NA,NA,NA,NA,NA,NA
42,"2000-00018","2010-08-31 00:00:00","GS",0,0,0,NA,NA,NA,NA,NA,NA
42,"2000-00018","2010-08-31 00:00:00","HW",0,0,0,NA,NA,NA,NA,NA,NA
42,"2000-00018","2010-08-31 00:00:00","IC",0,1,0,NA,NA,NA,NA,NA,NA
42,"2000-00018","2010-08-31 00:00:00","LP",0,0,0,NA,NA,NA,NA,NA,NA
42,"2000-00018","2010-08-31 00:00:00","MA",0,0,0,NA,NA,NA,NA,NA,NA
42,"2000-00018","2010-08-31 00:00:00","MD",0,0,0,NA,NA,NA,NA,NA,NA
42,"2000-00018","2010-08-31 00:00:00","NM",0,0,0,NA,NA,NA,NA,NA,NA
42,"2000-00018","2010-08-31 00:00:00","PP",0,0,0,NA,NA,NA,NA,NA,NA
42,"2000-00018","2010-08-31 00:00:00","SP",0,0,0,NA,NA,NA,NA,NA,NA
42,"2000-00018","2010-08-31 00:00:00","TO",0,0,0,NA,NA,NA,NA,NA,NA
42,"2000-00018","2010-08-31 00:00:00","WF",1,1,0,NA,NA,NA,NA,NA,NA
42,"2000-00018","2010-08-31 00:00:00","YW",0,0,0,NA,NA,NA,NA,NA,NA
43,"2000-00019","2010-08-30 00:00:00","AL",0,0,0,NA,NA,NA,NA,NA,NA
43,"2000-00019","2010-08-30 00:00:00","BO",2,0,0,NA,NA,NA,NA,NA,NA
43,"2000-00019","2010-08-30 00:00:00","CH",0,0,0,NA,NA,NA,NA,NA,NA
43,"2000-00019","2010-08-30 00:00:00","DF",0,0,0,NA,NA,NA,NA,NA,NA
43,"2000-00019","2010-08-30 00:00:00","DW",8,4,0,NA,NA,NA,NA,NA,NA
43,"2000-00019","2010-08-30 00:00:00","GS",0,0,0,NA,NA,NA,NA,NA,NA
43,"2000-00019","2010-08-30 00:00:00","HW",0,0,0,NA,NA,NA,NA,NA,NA
43,"2000-00019","2010-08-30 00:00:00","IC",1,0,0,NA,NA,NA,NA,NA,NA
43,"2000-00019","2010-08-30 00:00:00","LP",0,0,0,NA,NA,NA,NA,NA,NA
43,"2000-00019","2010-08-30 00:00:00","MA",0,0,0,NA,NA,NA,NA,NA,NA
43,"2000-00019","2010-08-30 00:00:00","MD",0,0,0,NA,NA,NA,NA,NA,NA
43,"2000-00019","2010-08-30 00:00:00","NM",0,0,0,NA,NA,NA,NA,NA,NA
43,"2000-00019","2010-08-30 00:00:00","PP",0,0,0,NA,NA,NA,NA,NA,NA
43,"2000-00019","2010-08-30 00:00:00","SP",0,0,0,NA,NA,NA,NA,NA,NA
43,"2000-00019","2010-08-30 00:00:00","TO",0,0,0,NA,NA,NA,NA,NA,NA
43,"2000-00019","2010-08-30 00:00:00","WF",2,0,0,NA,NA,NA,NA,NA,NA
43,"2000-00019","2010-08-30 00:00:00","YW",0,0,0,NA,NA,NA,NA,NA,NA
44,"2000-00020","2010-08-29 00:00:00","AL",0,0,0,NA,NA,NA,NA,NA,NA
44,"2000-00020","2010-08-29 00:00:00","BO",0,0,0,NA,NA,NA,NA,NA,NA
44,"2000-00020","2010-08-29 00:00:00","CH",0,0,0,NA,NA,NA,NA,NA,NA
44,"2000-00020","2010-08-29 00:00:00","DF",0,0,0,NA,NA,NA,NA,NA,NA
44,"2000-00020","2010-08-29 00:00:00","DW",13,3,0,NA,NA,NA,NA,NA,NA
44,"2000-00020","2010-08-29 00:00:00","GS",0,0,0,NA,NA,NA,NA,NA,NA
44,"2000-00020","2010-08-29 00:00:00","HW",0,0,0,NA,NA,NA,NA,NA,NA
44,"2000-00020","2010-08-29 00:00:00","IC",0,0,0,NA,NA,NA,NA,NA,NA
44,"2000-00020","2010-08-29 00:00:00","LP",0,0,0,NA,NA,NA,NA,NA,NA
44,"2000-00020","2010-08-29 00:00:00","MA",0,0,0,NA,NA,NA,NA,NA,NA
44,"2000-00020","2010-08-29 00:00:00","MD",0,0,0,NA,NA,NA,NA,NA,NA
44,"2000-00020","2010-08-29 00:00:00","NM",0,0,0,NA,NA,NA,NA,NA,NA
44,"2000-00020","2010-08-29 00:00:00","PP",0,0,0,NA,NA,NA,NA,NA,NA
44,"2000-00020","2010-08-29 00:00:00","SP",0,0,0,NA,NA,NA,NA,NA,NA
44,"2000-00020","2010-08-29 00:00:00","TO",0,0,0,NA,NA,NA,NA,NA,NA
44,"2000-00020","2010-08-29 00:00:00","WF",2,0,0,NA,NA,NA,NA,NA,NA
44,"2000-00020","2010-08-29 00:00:00","YW",0,0,0,NA,NA,NA,NA,NA,NA
45,"2000-00021","2010-08-29 00:00:00","AL",0,0,0,NA,NA,NA,NA,NA,NA
45,"2000-00021","2010-08-29 00:00:00","BO",5,0,0,NA,NA,NA,NA,NA,NA
45,"2000-00021","2010-08-29 00:00:00","CH",0,0,0,NA,NA,NA,NA,NA,NA
45,"2000-00021","2010-08-29 00:00:00","DF",0,0,0,NA,NA,NA,NA,NA,NA
45,"2000-00021","2010-08-29 00:00:00","DW",1,3,2,NA,NA,NA,NA,NA,NA
45,"2000-00021","2010-08-29 00:00:00","GS",0,0,0,NA,NA,NA,NA,NA,NA
45,"2000-00021","2010-08-29 00:00:00","HW",0,0,0,NA,NA,NA,NA,NA,NA
45,"2000-00021","2010-08-29 00:00:00","IC",0,0,0,NA,NA,NA,NA,NA,NA
45,"2000-00021","2010-08-29 00:00:00","LP",0,0,0,NA,NA,NA,NA,NA,NA
45,"2000-00021","2010-08-29 00:00:00","MA",0,0,0,NA,NA,NA,NA,NA,NA
45,"2000-00021","2010-08-29 00:00:00","MD",0,0,0,NA,NA,NA,NA,NA,NA
45,"2000-00021","2010-08-29 00:00:00","NM",0,0,0,NA,NA,NA,NA,NA,NA
45,"2000-00021","2010-08-29 00:00:00","PP",0,0,0,NA,NA,NA,NA,NA,NA
45,"2000-00021","2010-08-29 00:00:00","SP",0,0,0,NA,NA,NA,NA,NA,NA
45,"2000-00021","2010-08-29 00:00:00","TO",0,0,0,NA,NA,NA,NA,NA,NA
45,"2000-00021","2010-08-29 00:00:00","WF",8,2,0,NA,NA,NA,NA,NA,NA
45,"2000-00021","2010-08-29 00:00:00","YW",0,0,0,NA,NA,NA,NA,NA,NA
46,"2000-00022","2010-08-31 00:00:00","AL",0,0,0,NA,NA,NA,NA,NA,NA
46,"2000-00022","2010-08-31 00:00:00","BO",1,0,0,NA,NA,NA,NA,NA,NA
46,"2000-00022","2010-08-31 00:00:00","CH",0,0,0,NA,NA,NA,NA,NA,NA
46,"2000-00022","2010-08-31 00:00:00","DF",0,0,0,NA,NA,NA,NA,NA,NA
46,"2000-00022","2010-08-31 00:00:00","DW",3,1,0,NA,NA,NA,NA,NA,NA
46,"2000-00022","2010-08-31 00:00:00","GS",0,0,0,NA,NA,NA,NA,NA,NA
46,"2000-00022","2010-08-31 00:00:00","HW",0,0,0,NA,NA,NA,NA,NA,NA
46,"2000-00022","2010-08-31 00:00:00","IC",0,0,0,NA,NA,NA,NA,NA,NA
46,"2000-00022","2010-08-31 00:00:00","LP",0,0,0,NA,NA,NA,NA,NA,NA
46,"2000-00022","2010-08-31 00:00:00","MA",0,0,0,NA,NA,NA,NA,NA,NA
46,"2000-00022","2010-08-31 00:00:00","MD",0,0,0,NA,NA,NA,NA,NA,NA
46,"2000-00022","2010-08-31 00:00:00","NM",0,0,0,NA,NA,NA,NA,NA,NA
46,"2000-00022","2010-08-31 00:00:00","PP",0,0,0,NA,NA,NA,NA,NA,NA
46,"2000-00022","2010-08-31 00:00:00","SP",0,0,0,NA,NA,NA,NA,NA,NA
46,"2000-00022","2010-08-31 00:00:00","TO",0,0,0,NA,NA,NA,NA,NA,NA
46,"2000-00022","2010-08-31 00:00:00","WF",2,0,0,NA,NA,NA,NA,NA,NA
46,"2000-00022","2010-08-31 00:00:00","YW",0,0,0,NA,NA,NA,NA,NA,NA
47,"2000-00023","2010-08-30 00:00:00","AL",0,0,0,NA,NA,NA,NA,NA,NA
47,"2000-00023","2010-08-30 00:00:00","BO",0,0,0,NA,NA,NA,NA,NA,NA
47,"2000-00023","2010-08-30 00:00:00","CH",0,0,0,NA,NA,NA,NA,NA,NA
47,"2000-00023","2010-08-30 00:00:00","DF",2,2,1,NA,NA,NA,NA,NA,NA
47,"2000-00023","2010-08-30 00:00:00","DW",15,8,2,NA,NA,NA,NA,NA,NA
47,"2000-00023","2010-08-30 00:00:00","GS",0,0,0,NA,NA,NA,NA,NA,NA
47,"2000-00023","2010-08-30 00:00:00","HW",0,0,0,NA,NA,NA,NA,NA,NA
47,"2000-00023","2010-08-30 00:00:00","IC",1,0,0,NA,NA,NA,NA,NA,NA
47,"2000-00023","2010-08-30 00:00:00","LP",0,0,0,NA,NA,NA,NA,NA,NA
47,"2000-00023","2010-08-30 00:00:00","MA",0,0,0,NA,NA,NA,NA,NA,NA
47,"2000-00023","2010-08-30 00:00:00","MD",0,0,0,NA,NA,NA,NA,NA,NA
47,"2000-00023","2010-08-30 00:00:00","NM",0,0,0,NA,NA,NA,NA,NA,NA
47,"2000-00023","2010-08-30 00:00:00","PP",0,0,0,NA,NA,NA,NA,NA,NA
47,"2000-00023","2010-08-30 00:00:00","SP",0,1,0,NA,NA,NA,NA,NA,NA
47,"2000-00023","2010-08-30 00:00:00","TO",0,0,0,NA,NA,NA,NA,NA,NA
47,"2000-00023","2010-08-30 00:00:00","WF",2,0,0,NA,NA,NA,NA,NA,NA
47,"2000-00023","2010-08-30 00:00:00","YW",0,0,0,NA,NA,NA,NA,NA,NA
48,"2000-00024","2010-08-31 00:00:00","AL",0,0,0,NA,NA,NA,NA,NA,NA
48,"2000-00024","2010-08-31 00:00:00","BO",2,0,0,NA,NA,NA,NA,NA,NA
48,"2000-00024","2010-08-31 00:00:00","CH",0,0,0,NA,NA,NA,NA,NA,NA
48,"2000-00024","2010-08-31 00:00:00","DF",0,1,1,NA,NA,NA,NA,NA,NA
48,"2000-00024","2010-08-31 00:00:00","DW",0,0,0,NA,NA,NA,NA,NA,NA
48,"2000-00024","2010-08-31 00:00:00","GS",0,0,0,NA,NA,NA,NA,NA,NA
48,"2000-00024","2010-08-31 00:00:00","HW",0,0,0,NA,NA,NA,NA,NA,NA
48,"2000-00024","2010-08-31 00:00:00","IC",0,2,4,NA,NA,NA,NA,NA,NA
48,"2000-00024","2010-08-31 00:00:00","LP",0,0,0,NA,NA,NA,NA,NA,NA
48,"2000-00024","2010-08-31 00:00:00","MA",0,0,0,NA,NA,NA,NA,NA,NA
48,"2000-00024","2010-08-31 00:00:00","MD",0,0,0,NA,NA,NA,NA,NA,NA
48,"2000-00024","2010-08-31 00:00:00","NM",0,0,0,NA,NA,NA,NA,NA,NA
48,"2000-00024","2010-08-31 00:00:00","PP",0,0,0,NA,NA,NA,NA,NA,NA
48,"2000-00024","2010-08-31 00:00:00","SP",0,0,0,NA,NA,NA,NA,NA,NA
48,"2000-00024","2010-08-31 00:00:00","TO",0,0,0,NA,NA,NA,NA,NA,NA
48,"2000-00024","2010-08-31 00:00:00","WF",6,0,0,NA,NA,NA,NA,NA,NA
48,"2000-00024","2010-08-31 00:00:00","YW",0,0,0,NA,NA,NA,NA,NA,NA
49,"2000-00002","2011-09-13 00:00:00","AL",0,0,0,NA,NA,NA,NA,NA,NA
49,"2000-00002","2011-09-13 00:00:00","BO",0,0,0,NA,NA,NA,NA,NA,NA
49,"2000-00002","2011-09-13 00:00:00","CH",0,0,0,NA,NA,NA,NA,NA,NA
49,"2000-00002","2011-09-13 00:00:00","DF",0,0,0,NA,NA,NA,NA,NA,NA
49,"2000-00002","2011-09-13 00:00:00","DW",0,0,0,NA,NA,NA,NA,NA,NA
49,"2000-00002","2011-09-13 00:00:00","GS",0,0,0,NA,NA,NA,NA,NA,NA
49,"2000-00002","2011-09-13 00:00:00","HW",0,0,0,NA,NA,NA,NA,NA,NA
49,"2000-00002","2011-09-13 00:00:00","IC",0,0,0,NA,NA,NA,NA,NA,NA
49,"2000-00002","2011-09-13 00:00:00","LP",0,0,0,NA,NA,NA,NA,NA,NA
49,"2000-00002","2011-09-13 00:00:00","MA",0,0,0,NA,NA,NA,NA,NA,NA
49,"2000-00002","2011-09-13 00:00:00","MD",0,0,0,NA,NA,NA,NA,NA,NA
49,"2000-00002","2011-09-13 00:00:00","NM",0,0,0,NA,NA,NA,NA,NA,NA
49,"2000-00002","2011-09-13 00:00:00","PP",0,0,0,NA,NA,NA,NA,NA,NA
49,"2000-00002","2011-09-13 00:00:00","SP",0,0,0,NA,NA,NA,NA,NA,NA
49,"2000-00002","2011-09-13 00:00:00","TO",0,0,0,NA,NA,NA,NA,NA,NA
49,"2000-00002","2011-09-13 00:00:00","WF",3,0,0,NA,NA,NA,NA,NA,NA
49,"2000-00002","2011-09-13 00:00:00","YW",0,0,0,NA,NA,NA,NA,NA,NA
50,"2000-00003","2011-09-13 00:00:00","AL",0,0,0,NA,NA,NA,NA,NA,NA
50,"2000-00003","2011-09-13 00:00:00","BO",0,0,0,NA,NA,NA,NA,NA,NA
50,"2000-00003","2011-09-13 00:00:00","CH",0,0,0,NA,NA,NA,NA,NA,NA
50,"2000-00003","2011-09-13 00:00:00","DF",0,0,0,NA,NA,NA,NA,NA,NA
50,"2000-00003","2011-09-13 00:00:00","DW",0,0,0,NA,NA,NA,NA,NA,NA
50,"2000-00003","2011-09-13 00:00:00","GS",0,0,0,NA,NA,NA,NA,NA,NA
50,"2000-00003","2011-09-13 00:00:00","HW",0,0,0,NA,NA,NA,NA,NA,NA
50,"2000-00003","2011-09-13 00:00:00","IC",1,0,0,NA,NA,NA,NA,NA,NA
50,"2000-00003","2011-09-13 00:00:00","LP",0,0,0,NA,NA,NA,NA,NA,NA
50,"2000-00003","2011-09-13 00:00:00","MA",0,0,0,NA,NA,NA,NA,NA,NA
50,"2000-00003","2011-09-13 00:00:00","MD",0,0,0,NA,NA,NA,NA,NA,NA
50,"2000-00003","2011-09-13 00:00:00","NM",0,0,0,NA,NA,NA,NA,NA,NA
50,"2000-00003","2011-09-13 00:00:00","PP",0,0,0,NA,NA,NA,NA,NA,NA
50,"2000-00003","2011-09-13 00:00:00","SP",0,0,0,NA,NA,NA,NA,NA,NA
50,"2000-00003","2011-09-13 00:00:00","TO",0,0,0,NA,NA,NA,NA,NA,NA
50,"2000-00003","2011-09-13 00:00:00","WF",2,3,0,NA,NA,NA,NA,NA,NA
50,"2000-00003","2011-09-13 00:00:00","YW",0,0,0,NA,NA,NA,NA,NA,NA
51,"2000-00004","2011-09-13 00:00:00","AL",0,0,0,NA,NA,NA,NA,NA,NA
51,"2000-00004","2011-09-13 00:00:00","BO",0,0,0,NA,NA,NA,NA,NA,NA
51,"2000-00004","2011-09-13 00:00:00","CH",0,0,0,NA,NA,NA,NA,NA,NA
51,"2000-00004","2011-09-13 00:00:00","DF",0,0,0,NA,NA,NA,NA,NA,NA
51,"2000-00004","2011-09-13 00:00:00","DW",0,0,0,NA,NA,NA,NA,NA,NA
51,"2000-00004","2011-09-13 00:00:00","GS",0,0,0,NA,NA,NA,NA,NA,NA
51,"2000-00004","2011-09-13 00:00:00","HW",0,0,0,NA,NA,NA,NA,NA,NA
51,"2000-00004","2011-09-13 00:00:00","IC",0,0,0,NA,NA,NA,NA,NA,NA
51,"2000-00004","2011-09-13 00:00:00","LP",0,0,0,NA,NA,NA,NA,NA,NA
51,"2000-00004","2011-09-13 00:00:00","MA",0,0,0,NA,NA,NA,NA,NA,NA
51,"2000-00004","2011-09-13 00:00:00","MD",0,0,0,NA,NA,NA,NA,NA,NA
51,"2000-00004","2011-09-13 00:00:00","NM",0,0,0,NA,NA,NA,NA,NA,NA
51,"2000-00004","2011-09-13 00:00:00","PP",0,0,0,NA,NA,NA,NA,NA,NA
51,"2000-00004","2011-09-13 00:00:00","SP",0,0,0,NA,NA,NA,NA,NA,NA
51,"2000-00004","2011-09-13 00:00:00","TO",0,0,0,NA,NA,NA,NA,NA,NA
51,"2000-00004","2011-09-13 00:00:00","WF",1,0,0,NA,NA,NA,NA,NA,NA
51,"2000-00004","2011-09-13 00:00:00","YW",0,0,0,NA,NA,NA,NA,NA,NA
52,"2000-00005","2011-09-13 00:00:00","AL",0,0,0,NA,NA,NA,NA,NA,NA
52,"2000-00005","2011-09-13 00:00:00","BO",4,0,0,NA,NA,NA,NA,NA,NA
52,"2000-00005","2011-09-13 00:00:00","CH",0,0,0,NA,NA,NA,NA,NA,NA
52,"2000-00005","2011-09-13 00:00:00","DF",0,0,0,NA,NA,NA,NA,NA,NA
52,"2000-00005","2011-09-13 00:00:00","DW",0,0,0,NA,NA,NA,NA,NA,NA
52,"2000-00005","2011-09-13 00:00:00","GS",0,0,0,NA,NA,NA,NA,NA,NA
52,"2000-00005","2011-09-13 00:00:00","HW",0,0,0,NA,NA,NA,NA,NA,NA
52,"2000-00005","2011-09-13 00:00:00","IC",0,0,0,NA,NA,NA,NA,NA,NA
52,"2000-00005","2011-09-13 00:00:00","LP",0,0,0,NA,NA,NA,NA,NA,NA
52,"2000-00005","2011-09-13 00:00:00","MA",0,0,0,NA,NA,NA,NA,NA,NA
52,"2000-00005","2011-09-13 00:00:00","MD",0,0,0,NA,NA,NA,NA,NA,NA
52,"2000-00005","2011-09-13 00:00:00","NM",0,0,0,NA,NA,NA,NA,NA,NA
52,"2000-00005","2011-09-13 00:00:00","PP",0,0,0,NA,NA,NA,NA,NA,NA
52,"2000-00005","2011-09-13 00:00:00","SP",0,0,0,NA,NA,NA,NA,NA,NA
52,"2000-00005","2011-09-13 00:00:00","TO",0,0,0,NA,NA,NA,NA,NA,NA
52,"2000-00005","2011-09-13 00:00:00","WF",0,0,0,NA,NA,NA,NA,NA,NA
52,"2000-00005","2011-09-13 00:00:00","YW",0,0,0,NA,NA,NA,NA,NA,NA
53,"2000-00006","2011-09-13 00:00:00","AL",0,0,0,NA,NA,NA,NA,NA,NA
53,"2000-00006","2011-09-13 00:00:00","BO",16,4,1,NA,NA,NA,NA,NA,NA
53,"2000-00006","2011-09-13 00:00:00","CH",0,0,0,NA,NA,NA,NA,NA,NA
53,"2000-00006","2011-09-13 00:00:00","DF",2,0,0,NA,NA,NA,NA,NA,NA
53,"2000-00006","2011-09-13 00:00:00","DW",0,0,0,NA,NA,NA,NA,NA,NA
53,"2000-00006","2011-09-13 00:00:00","GS",0,0,0,NA,NA,NA,NA,NA,NA
53,"2000-00006","2011-09-13 00:00:00","HW",0,0,0,NA,NA,NA,NA,NA,NA
53,"2000-00006","2011-09-13 00:00:00","IC",0,2,2,NA,NA,NA,NA,NA,NA
53,"2000-00006","2011-09-13 00:00:00","LP",0,0,0,NA,NA,NA,NA,NA,NA
53,"2000-00006","2011-09-13 00:00:00","MA",0,0,0,NA,NA,NA,NA,NA,NA
53,"2000-00006","2011-09-13 00:00:00","MD",0,0,0,NA,NA,NA,NA,NA,NA
53,"2000-00006","2011-09-13 00:00:00","NM",0,0,0,NA,NA,NA,NA,NA,NA
53,"2000-00006","2011-09-13 00:00:00","PP",0,0,0,NA,NA,NA,NA,NA,NA
53,"2000-00006","2011-09-13 00:00:00","SP",0,0,0,NA,NA,NA,NA,NA,NA
53,"2000-00006","2011-09-13 00:00:00","TO",0,0,0,NA,NA,NA,NA,NA,NA
53,"2000-00006","2011-09-13 00:00:00","WF",31,12,1,NA,NA,NA,NA,NA,NA
53,"2000-00006","2011-09-13 00:00:00","YW",0,0,0,NA,NA,NA,NA,NA,NA
54,"2000-00007","2011-08-22 00:00:00","AL",0,0,0,NA,NA,NA,NA,NA,NA
54,"2000-00007","2011-08-22 00:00:00","BO",0,0,0,NA,NA,NA,NA,NA,NA
54,"2000-00007","2011-08-22 00:00:00","CH",0,0,0,NA,NA,NA,NA,NA,NA
54,"2000-00007","2011-08-22 00:00:00","DF",0,0,0,NA,NA,NA,NA,NA,NA
54,"2000-00007","2011-08-22 00:00:00","DW",0,0,0,NA,NA,NA,NA,NA,NA
54,"2000-00007","2011-08-22 00:00:00","GS",0,0,0,NA,NA,NA,NA,NA,NA
54,"2000-00007","2011-08-22 00:00:00","HW",0,0,0,NA,NA,NA,NA,NA,NA
54,"2000-00007","2011-08-22 00:00:00","IC",0,0,0,NA,NA,NA,NA,NA,NA
54,"2000-00007","2011-08-22 00:00:00","LP",0,0,0,NA,NA,NA,NA,NA,NA
54,"2000-00007","2011-08-22 00:00:00","MA",0,0,0,NA,NA,NA,NA,NA,NA
54,"2000-00007","2011-08-22 00:00:00","MD",0,0,0,NA,NA,NA,NA,NA,NA
54,"2000-00007","2011-08-22 00:00:00","NM",0,0,0,NA,NA,NA,NA,NA,NA
54,"2000-00007","2011-08-22 00:00:00","PP",0,0,0,NA,NA,NA,NA,NA,NA
54,"2000-00007","2011-08-22 00:00:00","SP",0,0,0,NA,NA,NA,NA,NA,NA
54,"2000-00007","2011-08-22 00:00:00","TO",0,0,0,NA,NA,NA,NA,NA,NA
54,"2000-00007","2011-08-22 00:00:00","WF",5,1,0,NA,NA,NA,NA,NA,NA
54,"2000-00007","2011-08-22 00:00:00","YW",0,0,0,NA,NA,NA,NA,NA,NA
55,"2000-00009","2011-09-13 00:00:00","AL",0,0,0,NA,NA,NA,NA,NA,NA
55,"2000-00009","2011-09-13 00:00:00","BO",0,0,0,NA,NA,NA,NA,NA,NA
55,"2000-00009","2011-09-13 00:00:00","CH",0,0,0,NA,NA,NA,NA,NA,NA
55,"2000-00009","2011-09-13 00:00:00","DF",0,0,0,NA,NA,NA,NA,NA,NA
55,"2000-00009","2011-09-13 00:00:00","DW",0,0,0,NA,NA,NA,NA,NA,NA
55,"2000-00009","2011-09-13 00:00:00","GS",0,0,0,NA,NA,NA,NA,NA,NA
55,"2000-00009","2011-09-13 00:00:00","HW",0,0,0,NA,NA,NA,NA,NA,NA
55,"2000-00009","2011-09-13 00:00:00","IC",0,0,0,NA,NA,NA,NA,NA,NA
55,"2000-00009","2011-09-13 00:00:00","LP",0,0,0,NA,NA,NA,NA,NA,NA
55,"2000-00009","2011-09-13 00:00:00","MA",0,0,0,NA,NA,NA,NA,NA,NA
55,"2000-00009","2011-09-13 00:00:00","MD",0,0,0,NA,NA,NA,NA,NA,NA
55,"2000-00009","2011-09-13 00:00:00","NM",0,0,0,NA,NA,NA,NA,NA,NA
55,"2000-00009","2011-09-13 00:00:00","PP",0,0,0,NA,NA,NA,NA,NA,NA
55,"2000-00009","2011-09-13 00:00:00","SP",0,0,0,NA,NA,NA,NA,NA,NA
55,"2000-00009","2011-09-13 00:00:00","TO",0,0,0,NA,NA,NA,NA,NA,NA
55,"2000-00009","2011-09-13 00:00:00","WF",0,0,0,NA,NA,NA,NA,NA,NA
55,"2000-00009","2011-09-13 00:00:00","YW",0,0,0,NA,NA,NA,NA,NA,NA
56,"2000-00010","2011-08-22 00:00:00","AL",0,0,0,NA,NA,NA,NA,NA,NA
56,"2000-00010","2011-08-22 00:00:00","BO",0,0,0,NA,NA,NA,NA,NA,NA
56,"2000-00010","2011-08-22 00:00:00","CH",0,0,0,NA,NA,NA,NA,NA,NA
56,"2000-00010","2011-08-22 00:00:00","DF",0,0,0,NA,NA,NA,NA,NA,NA
56,"2000-00010","2011-08-22 00:00:00","DW",0,0,0,NA,NA,NA,NA,NA,NA
56,"2000-00010","2011-08-22 00:00:00","GS",0,0,0,NA,NA,NA,NA,NA,NA
56,"2000-00010","2011-08-22 00:00:00","HW",0,0,0,NA,NA,NA,NA,NA,NA
56,"2000-00010","2011-08-22 00:00:00","IC",0,0,0,NA,NA,NA,NA,NA,NA
56,"2000-00010","2011-08-22 00:00:00","LP",0,0,0,NA,NA,NA,NA,NA,NA
56,"2000-00010","2011-08-22 00:00:00","MA",0,0,0,NA,NA,NA,NA,NA,NA
56,"2000-00010","2011-08-22 00:00:00","MD",0,0,0,NA,NA,NA,NA,NA,NA
56,"2000-00010","2011-08-22 00:00:00","NM",0,0,0,NA,NA,NA,NA,NA,NA
56,"2000-00010","2011-08-22 00:00:00","PP",0,0,0,NA,NA,NA,NA,NA,NA
56,"2000-00010","2011-08-22 00:00:00","SP",0,0,0,NA,NA,NA,NA,NA,NA
56,"2000-00010","2011-08-22 00:00:00","TO",0,0,0,NA,NA,NA,NA,NA,NA
56,"2000-00010","2011-08-22 00:00:00","WF",0,0,0,NA,NA,NA,NA,NA,NA
56,"2000-00010","2011-08-22 00:00:00","YW",0,0,0,NA,NA,NA,NA,NA,NA
57,"2000-00011","2011-08-23 00:00:00","AL",0,0,0,NA,NA,NA,NA,NA,NA
57,"2000-00011","2011-08-23 00:00:00","BO",1,0,0,NA,NA,NA,NA,NA,NA
57,"2000-00011","2011-08-23 00:00:00","CH",0,0,0,NA,NA,NA,NA,NA,NA
57,"2000-00011","2011-08-23 00:00:00","DF",0,0,0,NA,NA,NA,NA,NA,NA
57,"2000-00011","2011-08-23 00:00:00","DW",0,0,0,NA,NA,NA,NA,NA,NA
57,"2000-00011","2011-08-23 00:00:00","GS",0,0,0,NA,NA,NA,NA,NA,NA
57,"2000-00011","2011-08-23 00:00:00","HW",0,0,0,NA,NA,NA,NA,NA,NA
57,"2000-00011","2011-08-23 00:00:00","IC",0,0,0,NA,NA,NA,NA,NA,NA
57,"2000-00011","2011-08-23 00:00:00","LP",0,0,0,NA,NA,NA,NA,NA,NA
57,"2000-00011","2011-08-23 00:00:00","MA",0,0,0,NA,NA,NA,NA,NA,NA
57,"2000-00011","2011-08-23 00:00:00","MD",0,0,0,NA,NA,NA,NA,NA,NA
57,"2000-00011","2011-08-23 00:00:00","NM",0,0,0,NA,NA,NA,NA,NA,NA
57,"2000-00011","2011-08-23 00:00:00","PP",0,0,0,NA,NA,NA,NA,NA,NA
57,"2000-00011","2011-08-23 00:00:00","SP",0,0,0,NA,NA,NA,NA,NA,NA
57,"2000-00011","2011-08-23 00:00:00","TO",0,0,0,NA,NA,NA,NA,NA,NA
57,"2000-00011","2011-08-23 00:00:00","WF",9,0,0,NA,NA,NA,NA,NA,NA
57,"2000-00011","2011-08-23 00:00:00","YW",0,0,0,NA,NA,NA,NA,NA,NA
58,"2000-00012","2011-09-14 00:00:00","AL",0,0,0,NA,NA,NA,NA,NA,NA
58,"2000-00012","2011-09-14 00:00:00","BO",1,1,0,NA,NA,NA,NA,NA,NA
58,"2000-00012","2011-09-14 00:00:00","CH",0,0,0,NA,NA,NA,NA,NA,NA
58,"2000-00012","2011-09-14 00:00:00","DF",0,0,0,NA,NA,NA,NA,NA,NA
58,"2000-00012","2011-09-14 00:00:00","DW",0,2,2,NA,NA,NA,NA,NA,NA
58,"2000-00012","2011-09-14 00:00:00","GS",0,0,0,NA,NA,NA,NA,NA,NA
58,"2000-00012","2011-09-14 00:00:00","HW",0,0,0,NA,NA,NA,NA,NA,NA
58,"2000-00012","2011-09-14 00:00:00","IC",0,0,0,NA,NA,NA,NA,NA,NA
58,"2000-00012","2011-09-14 00:00:00","LP",0,0,0,NA,NA,NA,NA,NA,NA
58,"2000-00012","2011-09-14 00:00:00","MA",0,0,0,NA,NA,NA,NA,NA,NA
58,"2000-00012","2011-09-14 00:00:00","MD",0,0,0,NA,NA,NA,NA,NA,NA
58,"2000-00012","2011-09-14 00:00:00","NM",0,0,0,NA,NA,NA,NA,NA,NA
58,"2000-00012","2011-09-14 00:00:00","PP",0,0,0,NA,NA,NA,NA,NA,NA
58,"2000-00012","2011-09-14 00:00:00","SP",0,0,2,NA,NA,NA,NA,NA,NA
58,"2000-00012","2011-09-14 00:00:00","TO",0,0,0,NA,NA,NA,NA,NA,NA
58,"2000-00012","2011-09-14 00:00:00","WF",0,0,2,NA,NA,NA,NA,NA,NA
58,"2000-00012","2011-09-14 00:00:00","YW",0,0,0,NA,NA,NA,NA,NA,NA
59,"2000-00013","2011-08-23 00:00:00","AL",0,0,0,NA,NA,NA,NA,NA,NA
59,"2000-00013","2011-08-23 00:00:00","BO",1,1,0,NA,NA,NA,NA,NA,NA
59,"2000-00013","2011-08-23 00:00:00","CH",0,0,0,NA,NA,NA,NA,NA,NA
59,"2000-00013","2011-08-23 00:00:00","DF",2,0,0,NA,NA,NA,NA,NA,NA
59,"2000-00013","2011-08-23 00:00:00","DW",0,0,0,NA,NA,NA,NA,NA,NA
59,"2000-00013","2011-08-23 00:00:00","GS",0,0,0,NA,NA,NA,NA,NA,NA
59,"2000-00013","2011-08-23 00:00:00","HW",0,0,0,NA,NA,NA,NA,NA,NA
59,"2000-00013","2011-08-23 00:00:00","IC",0,1,1,NA,NA,NA,NA,NA,NA
59,"2000-00013","2011-08-23 00:00:00","LP",0,0,0,NA,NA,NA,NA,NA,NA
59,"2000-00013","2011-08-23 00:00:00","MA",0,0,0,NA,NA,NA,NA,NA,NA
59,"2000-00013","2011-08-23 00:00:00","MD",0,0,0,NA,NA,NA,NA,NA,NA
59,"2000-00013","2011-08-23 00:00:00","NM",0,0,0,NA,NA,NA,NA,NA,NA
59,"2000-00013","2011-08-23 00:00:00","PP",0,0,0,NA,NA,NA,NA,NA,NA
59,"2000-00013","2011-08-23 00:00:00","SP",4,0,0,NA,NA,NA,NA,NA,NA
59,"2000-00013","2011-08-23 00:00:00","TO",0,0,0,NA,NA,NA,NA,NA,NA
59,"2000-00013","2011-08-23 00:00:00","WF",7,1,0,NA,NA,NA,NA,NA,NA
59,"2000-00013","2011-08-23 00:00:00","YW",0,0,0,NA,NA,NA,NA,NA,NA
60,"2000-00014","2011-09-14 00:00:00","AL",0,0,0,NA,NA,NA,NA,NA,NA
60,"2000-00014","2011-09-14 00:00:00","BO",3,0,0,NA,NA,NA,NA,NA,NA
60,"2000-00014","2011-09-14 00:00:00","CH",0,0,0,NA,NA,NA,NA,NA,NA
60,"2000-00014","2011-09-14 00:00:00","DF",1,3,2,NA,NA,NA,NA,NA,NA
60,"2000-00014","2011-09-14 00:00:00","DW",0,0,0,NA,NA,NA,NA,NA,NA
60,"2000-00014","2011-09-14 00:00:00","GS",0,0,0,NA,NA,NA,NA,NA,NA
60,"2000-00014","2011-09-14 00:00:00","HW",0,0,0,NA,NA,NA,NA,NA,NA
60,"2000-00014","2011-09-14 00:00:00","IC",0,0,1,NA,NA,NA,NA,NA,NA
60,"2000-00014","2011-09-14 00:00:00","LP",0,0,0,NA,NA,NA,NA,NA,NA
60,"2000-00014","2011-09-14 00:00:00","MA",0,0,0,NA,NA,NA,NA,NA,NA
60,"2000-00014","2011-09-14 00:00:00","MD",0,0,0,NA,NA,NA,NA,NA,NA
60,"2000-00014","2011-09-14 00:00:00","NM",0,0,0,NA,NA,NA,NA,NA,NA
60,"2000-00014","2011-09-14 00:00:00","PP",0,0,0,NA,NA,NA,NA,NA,NA
60,"2000-00014","2011-09-14 00:00:00","SP",0,0,0,NA,NA,NA,NA,NA,NA
60,"2000-00014","2011-09-14 00:00:00","TO",0,0,0,NA,NA,NA,NA,NA,NA
60,"2000-00014","2011-09-14 00:00:00","WF",23,7,3,NA,NA,NA,NA,NA,NA
60,"2000-00014","2011-09-14 00:00:00","YW",0,0,0,NA,NA,NA,NA,NA,NA
61,"2000-00015","2011-09-12 00:00:00","AL",0,0,0,NA,NA,NA,NA,NA,NA
61,"2000-00015","2011-09-12 00:00:00","BO",1,2,0,NA,NA,NA,NA,NA,NA
61,"2000-00015","2011-09-12 00:00:00","CH",0,0,0,NA,NA,NA,NA,NA,NA
61,"2000-00015","2011-09-12 00:00:00","DF",0,1,0,NA,NA,NA,NA,NA,NA
61,"2000-00015","2011-09-12 00:00:00","DW",0,0,0,NA,NA,NA,NA,NA,NA
61,"2000-00015","2011-09-12 00:00:00","GS",0,0,0,NA,NA,NA,NA,NA,NA
61,"2000-00015","2011-09-12 00:00:00","HW",0,0,0,NA,NA,NA,NA,NA,NA
61,"2000-00015","2011-09-12 00:00:00","IC",0,0,0,NA,NA,NA,NA,NA,NA
61,"2000-00015","2011-09-12 00:00:00","LP",0,0,0,NA,NA,NA,NA,NA,NA
61,"2000-00015","2011-09-12 00:00:00","MA",0,0,0,NA,NA,NA,NA,NA,NA
61,"2000-00015","2011-09-12 00:00:00","MD",0,0,0,NA,NA,NA,NA,NA,NA
61,"2000-00015","2011-09-12 00:00:00","NM",0,0,0,NA,NA,NA,NA,NA,NA
61,"2000-00015","2011-09-12 00:00:00","PP",0,0,0,NA,NA,NA,NA,NA,NA
61,"2000-00015","2011-09-12 00:00:00","SP",0,0,0,NA,NA,NA,NA,NA,NA
61,"2000-00015","2011-09-12 00:00:00","TO",0,0,0,NA,NA,NA,NA,NA,NA
61,"2000-00015","2011-09-12 00:00:00","WF",0,0,0,NA,NA,NA,NA,NA,NA
61,"2000-00015","2011-09-12 00:00:00","YW",0,0,0,NA,NA,NA,NA,NA,NA
62,"2000-00016","2011-08-23 00:00:00","AL",0,0,0,NA,NA,NA,NA,NA,NA
62,"2000-00016","2011-08-23 00:00:00","BO",0,0,0,NA,NA,NA,NA,NA,NA
62,"2000-00016","2011-08-23 00:00:00","CH",0,0,0,NA,NA,NA,NA,NA,NA
62,"2000-00016","2011-08-23 00:00:00","DF",1,0,0,NA,NA,NA,NA,NA,NA
62,"2000-00016","2011-08-23 00:00:00","DW",0,5,0,NA,NA,NA,NA,NA,NA
62,"2000-00016","2011-08-23 00:00:00","GS",0,0,0,NA,NA,NA,NA,NA,NA
62,"2000-00016","2011-08-23 00:00:00","HW",0,0,0,NA,NA,NA,NA,NA,NA
62,"2000-00016","2011-08-23 00:00:00","IC",0,0,0,NA,NA,NA,NA,NA,NA
62,"2000-00016","2011-08-23 00:00:00","LP",0,0,0,NA,NA,NA,NA,NA,NA
62,"2000-00016","2011-08-23 00:00:00","MA",0,0,0,NA,NA,NA,NA,NA,NA
62,"2000-00016","2011-08-23 00:00:00","MD",0,0,0,NA,NA,NA,NA,NA,NA
62,"2000-00016","2011-08-23 00:00:00","NM",0,0,0,NA,NA,NA,NA,NA,NA
62,"2000-00016","2011-08-23 00:00:00","PP",0,0,0,NA,NA,NA,NA,NA,NA
62,"2000-00016","2011-08-23 00:00:00","SP",0,0,0,NA,NA,NA,NA,NA,NA
62,"2000-00016","2011-08-23 00:00:00","TO",0,0,0,NA,NA,NA,NA,NA,NA
62,"2000-00016","2011-08-23 00:00:00","WF",6,0,0,NA,NA,NA,NA,NA,NA
62,"2000-00016","2011-08-23 00:00:00","YW",0,0,0,NA,NA,NA,NA,NA,NA
63,"2000-00017","2011-09-14 00:00:00","AL",0,0,0,NA,NA,NA,NA,NA,NA
63,"2000-00017","2011-09-14 00:00:00","BO",0,0,0,NA,NA,NA,NA,NA,NA
63,"2000-00017","2011-09-14 00:00:00","CH",0,0,0,NA,NA,NA,NA,NA,NA
63,"2000-00017","2011-09-14 00:00:00","DF",0,1,0,NA,NA,NA,NA,NA,NA
63,"2000-00017","2011-09-14 00:00:00","DW",0,0,1,NA,NA,NA,NA,NA,NA
63,"2000-00017","2011-09-14 00:00:00","GS",0,0,0,NA,NA,NA,NA,NA,NA
63,"2000-00017","2011-09-14 00:00:00","HW",0,0,0,NA,NA,NA,NA,NA,NA
63,"2000-00017","2011-09-14 00:00:00","IC",0,0,0,NA,NA,NA,NA,NA,NA
63,"2000-00017","2011-09-14 00:00:00","LP",0,0,0,NA,NA,NA,NA,NA,NA
63,"2000-00017","2011-09-14 00:00:00","MA",0,0,0,NA,NA,NA,NA,NA,NA
63,"2000-00017","2011-09-14 00:00:00","MD",0,0,0,NA,NA,NA,NA,NA,NA
63,"2000-00017","2011-09-14 00:00:00","NM",0,0,0,NA,NA,NA,NA,NA,NA
63,"2000-00017","2011-09-14 00:00:00","PP",0,0,0,NA,NA,NA,NA,NA,NA
63,"2000-00017","2011-09-14 00:00:00","SP",0,0,0,NA,NA,NA,NA,NA,NA
63,"2000-00017","2011-09-14 00:00:00","TO",0,0,0,NA,NA,NA,NA,NA,NA
63,"2000-00017","2011-09-14 00:00:00","WF",0,1,0,NA,NA,NA,NA,NA,NA
63,"2000-00017","2011-09-14 00:00:00","YW",0,0,0,NA,NA,NA,NA,NA,NA
64,"2000-00018","2011-09-12 00:00:00","AL",0,0,0,NA,NA,NA,NA,NA,NA
64,"2000-00018","2011-09-12 00:00:00","BO",2,0,0,NA,NA,NA,NA,NA,NA
64,"2000-00018","2011-09-12 00:00:00","CH",0,0,0,NA,NA,NA,NA,NA,NA
64,"2000-00018","2011-09-12 00:00:00","DF",0,0,0,NA,NA,NA,NA,NA,NA
64,"2000-00018","2011-09-12 00:00:00","DW",0,1,0,NA,NA,NA,NA,NA,NA
64,"2000-00018","2011-09-12 00:00:00","GS",0,0,0,NA,NA,NA,NA,NA,NA
64,"2000-00018","2011-09-12 00:00:00","HW",0,0,0,NA,NA,NA,NA,NA,NA
64,"2000-00018","2011-09-12 00:00:00","IC",1,0,0,NA,NA,NA,NA,NA,NA
64,"2000-00018","2011-09-12 00:00:00","LP",0,0,0,NA,NA,NA,NA,NA,NA
64,"2000-00018","2011-09-12 00:00:00","MA",0,0,0,NA,NA,NA,NA,NA,NA
64,"2000-00018","2011-09-12 00:00:00","MD",0,0,0,NA,NA,NA,NA,NA,NA
64,"2000-00018","2011-09-12 00:00:00","NM",0,0,0,NA,NA,NA,NA,NA,NA
64,"2000-00018","2011-09-12 00:00:00","PP",0,0,0,NA,NA,NA,NA,NA,NA
64,"2000-00018","2011-09-12 00:00:00","SP",0,0,0,NA,NA,NA,NA,NA,NA
64,"2000-00018","2011-09-12 00:00:00","TO",0,0,0,NA,NA,NA,NA,NA,NA
64,"2000-00018","2011-09-12 00:00:00","WF",0,0,1,NA,NA,NA,NA,NA,NA
64,"2000-00018","2011-09-12 00:00:00","YW",0,0,0,NA,NA,NA,NA,NA,NA
65,"2000-00019","2011-09-12 00:00:00","AL",0,0,0,NA,NA,NA,NA,NA,NA
65,"2000-00019","2011-09-12 00:00:00","BO",0,0,0,NA,NA,NA,NA,NA,NA
65,"2000-00019","2011-09-12 00:00:00","CH",0,0,0,NA,NA,NA,NA,NA,NA
65,"2000-00019","2011-09-12 00:00:00","DF",0,0,0,NA,NA,NA,NA,NA,NA
65,"2000-00019","2011-09-12 00:00:00","DW",0,0,0,NA,NA,NA,NA,NA,NA
65,"2000-00019","2011-09-12 00:00:00","GS",0,0,0,NA,NA,NA,NA,NA,NA
65,"2000-00019","2011-09-12 00:00:00","HW",0,0,0,NA,NA,NA,NA,NA,NA
65,"2000-00019","2011-09-12 00:00:00","IC",0,0,0,NA,NA,NA,NA,NA,NA
65,"2000-00019","2011-09-12 00:00:00","LP",0,0,0,NA,NA,NA,NA,NA,NA
65,"2000-00019","2011-09-12 00:00:00","MA",0,0,0,NA,NA,NA,NA,NA,NA
65,"2000-00019","2011-09-12 00:00:00","MD",0,0,0,NA,NA,NA,NA,NA,NA
65,"2000-00019","2011-09-12 00:00:00","NM",0,0,0,NA,NA,NA,NA,NA,NA
65,"2000-00019","2011-09-12 00:00:00","PP",0,0,0,NA,NA,NA,NA,NA,NA
65,"2000-00019","2011-09-12 00:00:00","SP",0,0,0,NA,NA,NA,NA,NA,NA
65,"2000-00019","2011-09-12 00:00:00","TO",0,0,0,NA,NA,NA,NA,NA,NA
65,"2000-00019","2011-09-12 00:00:00","WF",0,0,0,NA,NA,NA,NA,NA,NA
65,"2000-00019","2011-09-12 00:00:00","YW",0,0,0,NA,NA,NA,NA,NA,NA
66,"2000-00022","2011-09-12 00:00:00","AL",0,0,0,NA,NA,NA,NA,NA,NA
66,"2000-00022","2011-09-12 00:00:00","BO",0,0,0,NA,NA,NA,NA,NA,NA
66,"2000-00022","2011-09-12 00:00:00","CH",0,0,0,NA,NA,NA,NA,NA,NA
66,"2000-00022","2011-09-12 00:00:00","DF",0,0,0,NA,NA,NA,NA,NA,NA
66,"2000-00022","2011-09-12 00:00:00","DW",0,2,1,NA,NA,NA,NA,NA,NA
66,"2000-00022","2011-09-12 00:00:00","GS",0,0,0,NA,NA,NA,NA,NA,NA
66,"2000-00022","2011-09-12 00:00:00","HW",0,0,0,NA,NA,NA,NA,NA,NA
66,"2000-00022","2011-09-12 00:00:00","IC",0,0,0,NA,NA,NA,NA,NA,NA
66,"2000-00022","2011-09-12 00:00:00","LP",0,0,0,NA,NA,NA,NA,NA,NA
66,"2000-00022","2011-09-12 00:00:00","MA",0,0,0,NA,NA,NA,NA,NA,NA
66,"2000-00022","2011-09-12 00:00:00","MD",0,0,0,NA,NA,NA,NA,NA,NA
66,"2000-00022","2011-09-12 00:00:00","NM",0,0,0,NA,NA,NA,NA,NA,NA
66,"2000-00022","2011-09-12 00:00:00","PP",0,0,0,NA,NA,NA,NA,NA,NA
66,"2000-00022","2011-09-12 00:00:00","SP",0,0,0,NA,NA,NA,NA,NA,NA
66,"2000-00022","2011-09-12 00:00:00","TO",0,0,0,NA,NA,NA,NA,NA,NA
66,"2000-00022","2011-09-12 00:00:00","WF",0,0,0,NA,NA,NA,NA,NA,NA
66,"2000-00022","2011-09-12 00:00:00","YW",0,0,0,NA,NA,NA,NA,NA,NA
67,"2000-00023","2011-09-12 00:00:00","AL",0,0,0,NA,NA,NA,NA,NA,NA
67,"2000-00023","2011-09-12 00:00:00","BO",0,0,0,NA,NA,NA,NA,NA,NA
67,"2000-00023","2011-09-12 00:00:00","CH",0,0,0,NA,NA,NA,NA,NA,NA
67,"2000-00023","2011-09-12 00:00:00","DF",1,1,0,NA,NA,NA,NA,NA,NA
67,"2000-00023","2011-09-12 00:00:00","DW",0,0,0,NA,NA,NA,NA,NA,NA
67,"2000-00023","2011-09-12 00:00:00","GS",0,0,0,NA,NA,NA,NA,NA,NA
67,"2000-00023","2011-09-12 00:00:00","HW",0,0,0,NA,NA,NA,NA,NA,NA
67,"2000-00023","2011-09-12 00:00:00","IC",0,0,0,NA,NA,NA,NA,NA,NA
67,"2000-00023","2011-09-12 00:00:00","LP",0,0,0,NA,NA,NA,NA,NA,NA
67,"2000-00023","2011-09-12 00:00:00","MA",0,0,0,NA,NA,NA,NA,NA,NA
67,"2000-00023","2011-09-12 00:00:00","MD",0,0,0,NA,NA,NA,NA,NA,NA
67,"2000-00023","2011-09-12 00:00:00","NM",0,0,0,NA,NA,NA,NA,NA,NA
67,"2000-00023","2011-09-12 00:00:00","PP",0,0,0,NA,NA,NA,NA,NA,NA
67,"2000-00023","2011-09-12 00:00:00","SP",1,0,0,NA,NA,NA,NA,NA,NA
67,"2000-00023","2011-09-12 00:00:00","TO",0,0,0,NA,NA,NA,NA,NA,NA
67,"2000-00023","2011-09-12 00:00:00","WF",0,0,0,NA,NA,NA,NA,NA,NA
67,"2000-00023","2011-09-12 00:00:00","YW",0,0,0,NA,NA,NA,NA,NA,NA
68,"2000-00024","2011-09-12 00:00:00","AL",0,0,0,NA,NA,NA,NA,NA,NA
68,"2000-00024","2011-09-12 00:00:00","BO",0,0,0,NA,NA,NA,NA,NA,NA
68,"2000-00024","2011-09-12 00:00:00","CH",0,0,0,NA,NA,NA,NA,NA,NA
68,"2000-00024","2011-09-12 00:00:00","DF",0,0,0,NA,NA,NA,NA,NA,NA
68,"2000-00024","2011-09-12 00:00:00","DW",0,0,0,NA,NA,NA,NA,NA,NA
68,"2000-00024","2011-09-12 00:00:00","GS",0,0,0,NA,NA,NA,NA,NA,NA
68,"2000-00024","2011-09-12 00:00:00","HW",0,0,0,NA,NA,NA,NA,NA,NA
68,"2000-00024","2011-09-12 00:00:00","IC",0,0,0,NA,NA,NA,NA,NA,NA
68,"2000-00024","2011-09-12 00:00:00","LP",0,0,0,NA,NA,NA,NA,NA,NA
68,"2000-00024","2011-09-12 00:00:00","MA",0,0,0,NA,NA,NA,NA,NA,NA
68,"2000-00024","2011-09-12 00:00:00","MD",0,0,0,NA,NA,NA,NA,NA,NA
68,"2000-00024","2011-09-12 00:00:00","NM",0,0,0,NA,NA,NA,NA,NA,NA
68,"2000-00024","2011-09-12 00:00:00","PP",0,0,0,NA,NA,NA,NA,NA,NA
68,"2000-00024","2011-09-12 00:00:00","SP",0,0,0,NA,NA,NA,NA,NA,NA
68,"2000-00024","2011-09-12 00:00:00","TO",0,0,0,NA,NA,NA,NA,NA,NA
68,"2000-00024","2011-09-12 00:00:00","WF",0,0,0,NA,NA,NA,NA,NA,NA
68,"2000-00024","2011-09-12 00:00:00","YW",0,0,0,NA,NA,NA,NA,NA,NA
69,"2000-00001","2011-08-31 00:00:00","AL",0,0,0,NA,NA,NA,NA,NA,NA
69,"2000-00001","2011-08-31 00:00:00","BO",0,0,0,NA,NA,NA,NA,NA,NA
69,"2000-00001","2011-08-31 00:00:00","CH",0,0,0,NA,NA,NA,NA,NA,NA
69,"2000-00001","2011-08-31 00:00:00","DF",4,2,0,NA,NA,NA,NA,NA,NA
69,"2000-00001","2011-08-31 00:00:00","DW",0,0,0,NA,NA,NA,NA,NA,NA
69,"2000-00001","2011-08-31 00:00:00","GS",0,0,0,NA,NA,NA,NA,NA,NA
69,"2000-00001","2011-08-31 00:00:00","HW",0,0,0,NA,NA,NA,NA,NA,NA
69,"2000-00001","2011-08-31 00:00:00","IC",1,0,0,NA,NA,NA,NA,NA,NA
69,"2000-00001","2011-08-31 00:00:00","LP",0,0,0,NA,NA,NA,NA,NA,NA
69,"2000-00001","2011-08-31 00:00:00","MA",0,0,0,NA,NA,NA,NA,NA,NA
69,"2000-00001","2011-08-31 00:00:00","MD",0,0,0,NA,NA,NA,NA,NA,NA
69,"2000-00001","2011-08-31 00:00:00","NM",0,0,0,NA,NA,NA,NA,NA,NA
69,"2000-00001","2011-08-31 00:00:00","PP",0,0,0,NA,NA,NA,NA,NA,NA
69,"2000-00001","2011-08-31 00:00:00","SP",0,0,0,NA,NA,NA,NA,NA,NA
69,"2000-00001","2011-08-31 00:00:00","TO",0,0,0,NA,NA,NA,NA,NA,NA
69,"2000-00001","2011-08-31 00:00:00","WF",4,6,3,NA,NA,NA,NA,NA,NA
69,"2000-00001","2011-08-31 00:00:00","YW",0,0,0,NA,NA,NA,NA,NA,NA
71,"2000-00020","2011-08-29 00:00:00","AL",0,0,0,NA,NA,NA,NA,NA,NA
71,"2000-00020","2011-08-29 00:00:00","BO",0,0,0,NA,NA,NA,NA,NA,NA
71,"2000-00020","2011-08-29 00:00:00","CH",0,0,0,NA,NA,NA,NA,NA,NA
71,"2000-00020","2011-08-29 00:00:00","DF",0,0,0,NA,NA,NA,NA,NA,NA
71,"2000-00020","2011-08-29 00:00:00","DW",13,3,0,NA,NA,NA,NA,NA,NA
71,"2000-00020","2011-08-29 00:00:00","GS",0,0,0,NA,NA,NA,NA,NA,NA
71,"2000-00020","2011-08-29 00:00:00","HW",0,0,0,NA,NA,NA,NA,NA,NA
71,"2000-00020","2011-08-29 00:00:00","IC",0,0,0,NA,NA,NA,NA,NA,NA
71,"2000-00020","2011-08-29 00:00:00","LP",0,0,0,NA,NA,NA,NA,NA,NA
71,"2000-00020","2011-08-29 00:00:00","MA",0,0,0,NA,NA,NA,NA,NA,NA
71,"2000-00020","2011-08-29 00:00:00","MD",0,0,0,NA,NA,NA,NA,NA,NA
71,"2000-00020","2011-08-29 00:00:00","NM",0,0,0,NA,NA,NA,NA,NA,NA
71,"2000-00020","2011-08-29 00:00:00","PP",0,0,0,NA,NA,NA,NA,NA,NA
71,"2000-00020","2011-08-29 00:00:00","SP",0,0,0,NA,NA,NA,NA,NA,NA
71,"2000-00020","2011-08-29 00:00:00","TO",0,0,0,NA,NA,NA,NA,NA,NA
71,"2000-00020","2011-08-29 00:00:00","WF",2,0,0,NA,NA,NA,NA,NA,NA
71,"2000-00020","2011-08-29 00:00:00","YW",0,0,0,NA,NA,NA,NA,NA,NA
72,"2000-00021","2011-08-29 00:00:00","AL",0,0,0,NA,NA,NA,NA,NA,NA
72,"2000-00021","2011-08-29 00:00:00","BO",5,0,0,NA,NA,NA,NA,NA,NA
72,"2000-00021","2011-08-29 00:00:00","CH",0,0,0,NA,NA,NA,NA,NA,NA
72,"2000-00021","2011-08-29 00:00:00","DF",0,0,0,NA,NA,NA,NA,NA,NA
72,"2000-00021","2011-08-29 00:00:00","DW",1,3,2,NA,NA,NA,NA,NA,NA
72,"2000-00021","2011-08-29 00:00:00","GS",0,0,0,NA,NA,NA,NA,NA,NA
72,"2000-00021","2011-08-29 00:00:00","HW",0,0,0,NA,NA,NA,NA,NA,NA
72,"2000-00021","2011-08-29 00:00:00","IC",0,0,0,NA,NA,NA,NA,NA,NA
72,"2000-00021","2011-08-29 00:00:00","LP",0,0,0,NA,NA,NA,NA,NA,NA
72,"2000-00021","2011-08-29 00:00:00","MA",0,0,0,NA,NA,NA,NA,NA,NA
72,"2000-00021","2011-08-29 00:00:00","MD",0,0,0,NA,NA,NA,NA,NA,NA
72,"2000-00021","2011-08-29 00:00:00","NM",0,0,0,NA,NA,NA,NA,NA,NA
72,"2000-00021","2011-08-29 00:00:00","PP",0,0,0,NA,NA,NA,NA,NA,NA
72,"2000-00021","2011-08-29 00:00:00","SP",0,0,0,NA,NA,NA,NA,NA,NA
72,"2000-00021","2011-08-29 00:00:00","TO",0,0,0,NA,NA,NA,NA,NA,NA
72,"2000-00021","2011-08-29 00:00:00","WF",8,2,0,NA,NA,NA,NA,NA,NA
72,"2000-00021","2011-08-29 00:00:00","YW",0,0,0,NA,NA,NA,NA,NA,NA
73,"2000-00018","2017-05-24 00:00:00","AL",0,0,0,0,0,0,0,0,NA
73,"2000-00018","2017-05-24 00:00:00","BO",2,0,0,0,0,0,0,0,NA
73,"2000-00018","2017-05-24 00:00:00","CH",0,0,0,0,0,0,0,0,NA
73,"2000-00018","2017-05-24 00:00:00","DF",0,0,0,0,0,0,0,0,NA
73,"2000-00018","2017-05-24 00:00:00","DW",0,1,0,0,0,0,0,0,NA
73,"2000-00018","2017-05-24 00:00:00","GS",0,0,0,0,0,0,0,0,NA
73,"2000-00018","2017-05-24 00:00:00","HW",0,0,0,0,0,0,0,0,NA
73,"2000-00018","2017-05-24 00:00:00","IC",0,0,0,0,0,0,0,0,NA
73,"2000-00018","2017-05-24 00:00:00","LP",0,0,0,0,0,0,0,0,NA
73,"2000-00018","2017-05-24 00:00:00","MA",0,0,0,0,0,0,0,0,NA
73,"2000-00018","2017-05-24 00:00:00","MD",0,0,0,0,0,0,0,0,NA
73,"2000-00018","2017-05-24 00:00:00","NM",0,0,0,0,0,0,0,0,NA
73,"2000-00018","2017-05-24 00:00:00","PP",0,0,0,0,0,0,0,0,NA
73,"2000-00018","2017-05-24 00:00:00","SP",0,0,0,0,0,0,0,0,NA
73,"2000-00018","2017-05-24 00:00:00","TO",0,0,0,0,0,0,0,0,NA
73,"2000-00018","2017-05-24 00:00:00","WF",0,1,0,1,0,0,0,0,NA
73,"2000-00018","2017-05-24 00:00:00","YW",0,0,0,0,0,0,0,0,NA
74,"2000-00002","2017-05-23 00:00:00","AL",0,0,0,0,0,0,0,0,NA
74,"2000-00002","2017-05-23 00:00:00","BO",0,0,0,0,0,0,0,0,NA
74,"2000-00002","2017-05-23 00:00:00","CH",0,0,0,0,0,0,0,0,NA
74,"2000-00002","2017-05-23 00:00:00","DF",0,0,0,0,0,0,0,0,NA
74,"2000-00002","2017-05-23 00:00:00","DW",0,0,0,0,0,0,0,0,NA
74,"2000-00002","2017-05-23 00:00:00","GS",1,0,0,0,0,0,0,0,NA
74,"2000-00002","2017-05-23 00:00:00","HW",0,0,0,0,0,0,0,0,NA
74,"2000-00002","2017-05-23 00:00:00","IC",0,0,0,0,0,0,0,0,NA
74,"2000-00002","2017-05-23 00:00:00","LP",0,0,0,0,0,0,0,0,NA
74,"2000-00002","2017-05-23 00:00:00","MA",0,0,0,0,0,0,0,0,NA
74,"2000-00002","2017-05-23 00:00:00","MD",0,0,0,0,0,0,0,0,NA
74,"2000-00002","2017-05-23 00:00:00","NM",0,0,0,0,0,0,0,0,NA
74,"2000-00002","2017-05-23 00:00:00","PP",0,0,0,0,0,0,0,0,NA
74,"2000-00002","2017-05-23 00:00:00","SP",0,0,0,0,0,0,0,0,NA
74,"2000-00002","2017-05-23 00:00:00","TO",0,0,0,0,0,0,0,0,NA
74,"2000-00002","2017-05-23 00:00:00","WF",9,1,0,0,0,0,0,0,NA
74,"2000-00002","2017-05-23 00:00:00","YW",0,0,0,0,0,0,0,0,NA
75,"2000-00003","2017-05-23 00:00:00","AL",0,0,0,0,0,0,0,0,NA
75,"2000-00003","2017-05-23 00:00:00","BO",0,0,0,0,0,0,0,0,NA
75,"2000-00003","2017-05-23 00:00:00","CH",0,0,0,0,0,0,0,0,NA
75,"2000-00003","2017-05-23 00:00:00","DF",0,0,0,0,0,0,0,0,NA
75,"2000-00003","2017-05-23 00:00:00","DW",0,0,0,0,1,0,0,0,NA
75,"2000-00003","2017-05-23 00:00:00","GS",0,0,0,0,0,0,0,0,NA
75,"2000-00003","2017-05-23 00:00:00","HW",0,0,0,0,0,0,0,0,NA
75,"2000-00003","2017-05-23 00:00:00","IC",4,0,0,0,0,0,0,0,NA
75,"2000-00003","2017-05-23 00:00:00","LP",0,0,0,0,0,0,0,0,NA
75,"2000-00003","2017-05-23 00:00:00","MA",0,0,0,0,0,0,0,0,NA
75,"2000-00003","2017-05-23 00:00:00","MD",0,0,0,0,0,0,0,0,NA
75,"2000-00003","2017-05-23 00:00:00","NM",0,0,0,0,0,0,0,0,NA
75,"2000-00003","2017-05-23 00:00:00","PP",0,0,0,0,0,0,0,0,NA
75,"2000-00003","2017-05-23 00:00:00","SP",0,0,0,0,0,0,0,0,NA
75,"2000-00003","2017-05-23 00:00:00","TO",0,0,0,0,0,0,0,0,NA
75,"2000-00003","2017-05-23 00:00:00","WF",7,2,0,0,0,0,0,0,NA
75,"2000-00003","2017-05-23 00:00:00","YW",0,0,0,0,0,0,0,0,NA
76,"2000-00006","2017-05-23 00:00:00","DF",0,0,0,0,0,0,0,0,NA
76,"2000-00006","2017-05-23 00:00:00","PP",0,0,0,0,0,0,0,0,NA
76,"2000-00006","2017-05-23 00:00:00","SP",0,0,0,0,0,0,0,0,NA
76,"2000-00006","2017-05-23 00:00:00","WF",13,9,3,2,0,0,0,0,NA
76,"2000-00006","2017-05-23 00:00:00","IC",0,0,4,0,0,0,0,0,NA
76,"2000-00006","2017-05-23 00:00:00","GS",0,0,0,0,0,0,0,0,NA
76,"2000-00006","2017-05-23 00:00:00","YW",0,0,0,0,0,0,0,0,NA
76,"2000-00006","2017-05-23 00:00:00","LP",0,0,0,0,0,0,0,0,NA
76,"2000-00006","2017-05-23 00:00:00","NM",0,0,0,0,0,0,0,0,NA
76,"2000-00006","2017-05-23 00:00:00","BO",2,1,1,0,0,0,0,0,NA
76,"2000-00006","2017-05-23 00:00:00","TO",0,0,0,0,0,0,0,0,NA
76,"2000-00006","2017-05-23 00:00:00","CH",0,0,0,0,0,0,0,0,NA
76,"2000-00006","2017-05-23 00:00:00","MD",0,0,0,0,0,0,0,0,NA
76,"2000-00006","2017-05-23 00:00:00","DW",0,0,0,0,0,0,0,0,NA
76,"2000-00006","2017-05-23 00:00:00","AL",0,0,0,0,0,0,0,0,NA
76,"2000-00006","2017-05-23 00:00:00","MA",0,0,0,0,0,0,0,0,NA
76,"2000-00006","2017-05-23 00:00:00","HW",0,0,0,0,0,0,0,0,NA
77,"2000-00008","2017-05-22 00:00:00","DF",0,0,0,0,0,0,0,0,NA
77,"2000-00008","2017-05-22 00:00:00","PP",0,0,0,0,0,0,0,0,NA
77,"2000-00008","2017-05-22 00:00:00","SP",0,0,0,0,0,0,0,0,NA
77,"2000-00008","2017-05-22 00:00:00","WF",4,1,0,0,0,0,0,0,NA
77,"2000-00008","2017-05-22 00:00:00","IC",0,1,0,0,0,0,0,0,NA
77,"2000-00008","2017-05-22 00:00:00","GS",0,0,0,0,0,0,0,0,NA
77,"2000-00008","2017-05-22 00:00:00","YW",0,0,0,0,0,0,0,0,NA
77,"2000-00008","2017-05-22 00:00:00","LP",0,0,0,0,0,0,0,0,NA
77,"2000-00008","2017-05-22 00:00:00","NM",0,0,0,0,0,0,0,0,NA
77,"2000-00008","2017-05-22 00:00:00","BO",0,0,0,0,0,0,0,0,NA
77,"2000-00008","2017-05-22 00:00:00","TO",0,0,0,0,0,0,0,0,NA
77,"2000-00008","2017-05-22 00:00:00","CH",0,0,0,0,0,0,0,0,NA
77,"2000-00008","2017-05-22 00:00:00","MD",0,0,0,0,0,0,0,0,NA
77,"2000-00008","2017-05-22 00:00:00","DW",0,0,0,0,0,0,0,0,NA
77,"2000-00008","2017-05-22 00:00:00","AL",0,0,0,0,0,0,0,0,NA
77,"2000-00008","2017-05-22 00:00:00","MA",0,0,0,0,0,0,0,0,NA
77,"2000-00008","2017-05-22 00:00:00","HW",0,0,0,0,0,0,0,0,NA
78,"2000-00011","2017-05-24 00:00:00","DF",3,0,0,0,0,0,0,0,NA
78,"2000-00011","2017-05-24 00:00:00","PP",0,0,0,0,0,0,0,0,NA
78,"2000-00011","2017-05-24 00:00:00","SP",0,0,0,0,0,0,0,0,NA
78,"2000-00011","2017-05-24 00:00:00","WF",2,1,0,0,0,0,0,0,NA
78,"2000-00011","2017-05-24 00:00:00","IC",0,0,0,0,0,0,0,0,NA
78,"2000-00011","2017-05-24 00:00:00","GS",0,0,0,0,0,0,0,0,NA
78,"2000-00011","2017-05-24 00:00:00","YW",0,0,0,0,0,0,0,0,NA
78,"2000-00011","2017-05-24 00:00:00","LP",0,0,0,0,0,0,0,0,NA
78,"2000-00011","2017-05-24 00:00:00","NM",0,0,0,0,0,0,0,0,NA
78,"2000-00011","2017-05-24 00:00:00","BO",2,0,0,0,0,0,0,0,NA
78,"2000-00011","2017-05-24 00:00:00","TO",0,0,0,0,0,0,0,0,NA
78,"2000-00011","2017-05-24 00:00:00","CH",0,0,0,0,0,0,0,0,NA
78,"2000-00011","2017-05-24 00:00:00","MD",0,0,0,0,0,0,0,0,NA
78,"2000-00011","2017-05-24 00:00:00","DW",0,0,0,0,0,0,0,0,NA
78,"2000-00011","2017-05-24 00:00:00","AL",0,0,0,0,0,0,0,0,NA
78,"2000-00011","2017-05-24 00:00:00","MA",0,0,0,0,0,0,0,0,NA
78,"2000-00011","2017-05-24 00:00:00","HW",0,0,0,0,0,0,0,0,NA
79,"2000-00013","2017-05-24 00:00:00","DF",0,0,0,0,0,0,0,0,NA
79,"2000-00013","2017-05-24 00:00:00","PP",0,0,0,0,0,0,0,0,NA
79,"2000-00013","2017-05-24 00:00:00","SP",9,0,0,0,0,0,0,0,NA
79,"2000-00013","2017-05-24 00:00:00","WF",19,1,0,0,1,2,0,0,NA
79,"2000-00013","2017-05-24 00:00:00","IC",4,2,0,0,0,0,0,0,NA
79,"2000-00013","2017-05-24 00:00:00","GS",0,0,0,0,0,0,0,0,NA
79,"2000-00013","2017-05-24 00:00:00","YW",0,0,0,0,0,0,0,0,NA
79,"2000-00013","2017-05-24 00:00:00","LP",0,0,0,0,0,0,0,0,NA
79,"2000-00013","2017-05-24 00:00:00","NM",0,0,0,0,0,0,0,0,NA
79,"2000-00013","2017-05-24 00:00:00","BO",2,0,0,0,0,0,0,0,NA
79,"2000-00013","2017-05-24 00:00:00","TO",0,0,0,0,0,0,0,0,NA
79,"2000-00013","2017-05-24 00:00:00","CH",0,0,0,0,0,0,0,0,NA
79,"2000-00013","2017-05-24 00:00:00","MD",0,0,0,0,0,0,0,0,NA
79,"2000-00013","2017-05-24 00:00:00","DW",2,2,0,0,0,0,0,0,NA
79,"2000-00013","2017-05-24 00:00:00","AL",0,0,0,0,0,0,0,0,NA
79,"2000-00013","2017-05-24 00:00:00","MA",0,0,0,0,0,0,0,0,NA
79,"2000-00013","2017-05-24 00:00:00","HW",0,0,0,0,0,0,0,0,NA
80,"2000-00017","2017-05-24 00:00:00","DF",0,0,0,0,0,0,0,0,NA
80,"2000-00017","2017-05-24 00:00:00","PP",0,0,0,0,0,0,0,0,NA
80,"2000-00017","2017-05-24 00:00:00","SP",0,0,0,0,0,0,0,0,NA
80,"2000-00017","2017-05-24 00:00:00","WF",0,1,1,0,0,2,0,0,NA
80,"2000-00017","2017-05-24 00:00:00","IC",0,0,0,0,0,0,0,0,NA
80,"2000-00017","2017-05-24 00:00:00","GS",0,0,0,0,0,0,0,0,NA
80,"2000-00017","2017-05-24 00:00:00","YW",0,0,0,0,0,0,0,0,NA
80,"2000-00017","2017-05-24 00:00:00","LP",0,0,0,0,0,0,0,0,NA
80,"2000-00017","2017-05-24 00:00:00","NM",0,0,0,0,0,0,0,0,NA
80,"2000-00017","2017-05-24 00:00:00","BO",0,0,0,0,0,0,0,0,NA
80,"2000-00017","2017-05-24 00:00:00","TO",0,0,0,0,0,0,0,0,NA
80,"2000-00017","2017-05-24 00:00:00","CH",0,0,0,0,0,0,0,0,NA
80,"2000-00017","2017-05-24 00:00:00","MD",0,0,0,0,0,0,0,0,NA
80,"2000-00017","2017-05-24 00:00:00","DW",0,0,1,0,0,0,0,0,NA
80,"2000-00017","2017-05-24 00:00:00","AL",0,0,0,0,0,0,0,0,NA
80,"2000-00017","2017-05-24 00:00:00","MA",0,0,0,0,0,0,0,0,NA
80,"2000-00017","2017-05-24 00:00:00","HW",0,0,0,0,0,0,0,0,NA
81,"2000-00021","2017-05-24 00:00:00","DF",0,0,0,0,0,0,0,0,NA
81,"2000-00021","2017-05-24 00:00:00","PP",0,0,0,0,0,0,0,0,NA
81,"2000-00021","2017-05-24 00:00:00","SP",0,0,0,0,0,0,0,0,NA
81,"2000-00021","2017-05-24 00:00:00","WF",0,0,0,0,0,0,0,0,NA
81,"2000-00021","2017-05-24 00:00:00","IC",0,0,0,0,0,0,0,0,NA
81,"2000-00021","2017-05-24 00:00:00","GS",0,0,0,0,0,0,0,0,NA
81,"2000-00021","2017-05-24 00:00:00","YW",0,0,0,0,0,0,0,0,NA
81,"2000-00021","2017-05-24 00:00:00","LP",0,0,0,0,0,0,0,0,NA
81,"2000-00021","2017-05-24 00:00:00","NM",0,0,0,0,0,0,0,0,NA
81,"2000-00021","2017-05-24 00:00:00","BO",2,0,0,0,0,0,0,0,NA
81,"2000-00021","2017-05-24 00:00:00","TO",0,0,0,0,0,0,0,0,NA
81,"2000-00021","2017-05-24 00:00:00","CH",0,0,0,0,0,0,0,0,NA
81,"2000-00021","2017-05-24 00:00:00","MD",0,0,0,0,0,0,0,0,NA
81,"2000-00021","2017-05-24 00:00:00","DW",2,0,1,2,1,0,0,0,NA
81,"2000-00021","2017-05-24 00:00:00","AL",0,0,0,0,0,0,0,0,NA
81,"2000-00021","2017-05-24 00:00:00","MA",0,0,0,0,0,0,0,0,NA
81,"2000-00021","2017-05-24 00:00:00","HW",0,0,0,0,0,0,0,0,NA
82,"2000-00024","2017-05-24 00:00:00","DF",1,1,0,0,0,0,0,0,NA
82,"2000-00024","2017-05-24 00:00:00","PP",0,0,0,0,0,0,0,0,NA
82,"2000-00024","2017-05-24 00:00:00","SP",0,0,0,0,0,0,0,0,NA
82,"2000-00024","2017-05-24 00:00:00","WF",1,0,0,0,0,0,0,0,NA
82,"2000-00024","2017-05-24 00:00:00","IC",0,2,0,0,0,0,0,0,NA
82,"2000-00024","2017-05-24 00:00:00","GS",0,0,0,0,0,0,0,0,NA
82,"2000-00024","2017-05-24 00:00:00","YW",0,0,0,0,0,0,0,0,NA
82,"2000-00024","2017-05-24 00:00:00","LP",0,0,0,0,0,0,0,0,NA
82,"2000-00024","2017-05-24 00:00:00","NM",0,0,0,0,0,0,0,0,NA
82,"2000-00024","2017-05-24 00:00:00","BO",0,0,0,0,0,0,0,0,NA
82,"2000-00024","2017-05-24 00:00:00","TO",0,0,0,0,0,0,0,0,NA
82,"2000-00024","2017-05-24 00:00:00","CH",0,0,0,0,0,0,0,0,NA
82,"2000-00024","2017-05-24 00:00:00","MD",0,0,0,0,0,0,0,0,NA
82,"2000-00024","2017-05-24 00:00:00","DW",0,0,0,0,0,0,0,0,NA
82,"2000-00024","2017-05-24 00:00:00","AL",0,0,0,0,0,0,0,0,NA
82,"2000-00024","2017-05-24 00:00:00","MA",0,0,0,0,0,0,0,0,NA
82,"2000-00024","2017-05-24 00:00:00","HW",0,0,0,0,0,0,0,0,NA
83,"2000-00025","2017-05-23 00:00:00","DF",0,0,0,0,0,0,0,0,NA
83,"2000-00025","2017-05-23 00:00:00","PP",0,0,0,0,0,0,0,0,NA
83,"2000-00025","2017-05-23 00:00:00","SP",0,0,0,0,0,0,0,0,NA
83,"2000-00025","2017-05-23 00:00:00","WF",1,0,0,0,0,0,0,0,NA
83,"2000-00025","2017-05-23 00:00:00","IC",0,0,0,0,0,0,0,0,NA
83,"2000-00025","2017-05-23 00:00:00","GS",0,0,0,0,0,0,0,0,NA
83,"2000-00025","2017-05-23 00:00:00","YW",0,0,0,0,0,0,0,0,NA
83,"2000-00025","2017-05-23 00:00:00","LP",0,0,0,0,0,0,0,0,NA
83,"2000-00025","2017-05-23 00:00:00","NM",0,0,0,0,0,0,0,0,NA
83,"2000-00025","2017-05-23 00:00:00","BO",0,2,0,0,0,0,0,0,NA
83,"2000-00025","2017-05-23 00:00:00","TO",0,0,0,0,0,0,0,0,NA
83,"2000-00025","2017-05-23 00:00:00","CH",0,0,0,0,0,0,0,0,NA
83,"2000-00025","2017-05-23 00:00:00","MD",0,0,0,0,0,0,0,0,NA
83,"2000-00025","2017-05-23 00:00:00","DW",0,0,0,0,0,0,0,0,NA
83,"2000-00025","2017-05-23 00:00:00","AL",0,0,0,0,0,0,0,0,NA
83,"2000-00025","2017-05-23 00:00:00","MA",0,0,0,0,0,0,0,0,NA
83,"2000-00025","2017-05-23 00:00:00","HW",0,0,0,0,0,0,0,0,NA
